id,score
34566,0.5007562041282654
50272,0.5004080533981323
69232,0.5004494786262512
86223,0.49213844537734985
53524,0.5004664659500122
42142,0.5010178089141846
22559,0.5007884502410889
28141,0.5000211000442505
72186,0.5005177855491638
46468,0.49835777282714844
33307,0.5002132058143616
96701,0.5010825991630554
43458,0.5004597902297974
50885,0.5005542039871216
73557,0.5001984238624573
88932,0.5004711151123047
44717,0.5005185008049011
99278,0.5009284019470215
59988,0.500848114490509
41296,0.5005010962486267
25715,0.5003884434700012
98187,0.5004976987838745
40635,0.5005837678909302
76486,0.5007878541946411
48161,0.5008877515792847
57858,0.49994218349456787
25848,0.5011118650436401
83247,0.5003403425216675
100820,0.5001782178878784
61843,0.5002788305282593
47864,0.5009357333183289
14338,0.5003259778022766
106760,0.49904730916023254
42892,0.5001865029335022
20995,0.5005089044570923
68283,0.5006881952285767
66796,0.5002174973487854
1175,0.5005025267601013
55171,0.5006288886070251
1693,0.5005380511283875
54411,0.5007642507553101
73718,0.4986305832862854
99036,0.5007030367851257
29757,0.5006859302520752
1352,0.49786612391471863
6970,0.5002644658088684
75513,0.5006110072135925
103376,0.5001499056816101
11566,0.5006288886070251
85724,0.5004658102989197
26255,0.5005196332931519
83078,0.5009823441505432
22092,0.5006686449050903
31379,0.5000470876693726
20478,0.5005633234977722
70444,0.5004281401634216
41587,0.500652551651001
74822,0.5007511377334595
88815,0.5004796981811523
6351,0.50072181224823
105177,0.5004839897155762
58297,0.5004004240036011
39926,0.5006752610206604
97160,0.5005717873573303
86332,0.5006842613220215
21551,0.5007089972496033
47546,0.5007142424583435
37196,0.500311553478241
19800,0.5007397532463074
67091,0.5006717443466187
90146,0.5005138516426086
52084,0.5005147457122803
26000,0.5004356503486633
20558,0.5011546611785889
32315,0.5010095238685608
95299,0.5004725456237793
57575,0.5003818869590759
57431,0.5004724860191345
15164,0.5007251501083374
47959,0.5005502700805664
36213,0.5008800625801086
64598,0.5008051991462708
85180,0.49913686513900757
7330,0.5006234645843506
96758,0.5006700158119202
60760,0.5006632208824158
95190,0.5007457137107849
70419,0.5006093978881836
104315,0.5010637640953064
80963,0.500371515750885
104090,0.5010026097297668
62040,0.4971345067024231
57462,0.5007587671279907
1752,0.5008050799369812
13352,0.5002303123474121
6969,0.5007632970809937
36448,0.5006358623504639
69866,0.5005870461463928
37138,0.5007203817367554
37149,0.500817596912384
83158,0.5000757575035095
107034,0.5006626844406128
83603,0.5005326867103577
33886,0.5005133152008057
55417,0.5003160238265991
57938,0.5008847117424011
27867,0.5005895495414734
101800,0.49967285990715027
91813,0.5004273653030396
64083,0.5008736848831177
29528,0.5002898573875427
71645,0.500991702079773
14467,0.5006251931190491
60324,0.49889570474624634
10743,0.5004407167434692
64077,0.5009807348251343
92251,0.5006110668182373
15067,0.5006845593452454
20047,0.500537097454071
54463,0.5004059672355652
8025,0.49932023882865906
27998,0.5004446506500244
91510,0.5007220506668091
49193,0.5010088086128235
5404,0.4999547004699707
98897,0.5002513527870178
46045,0.5007184147834778
95008,0.5006802678108215
43419,0.500165581703186
58059,0.500792384147644
10051,0.500254213809967
95635,0.5007991790771484
89780,0.5003412961959839
98548,0.5002700090408325
27466,0.5005778670310974
2992,0.5006867051124573
105855,0.5007094144821167
14278,0.5004814267158508
13478,0.5009002685546875
81475,0.5005136132240295
21191,0.5007734894752502
13291,0.5005425810813904
67019,0.5003097057342529
67840,0.5004447102546692
61283,0.5004358887672424
99646,0.5003541111946106
90567,0.49999862909317017
95937,0.5002781748771667
98569,0.5010114312171936
83135,0.5007683634757996
63766,0.500148594379425
58069,0.5002580285072327
61012,0.5004629492759705
23811,0.500636637210846
86719,0.5005860924720764
71966,0.5004957914352417
42822,0.500559389591217
41669,0.5003486275672913
45307,0.5000354647636414
81709,0.4949234426021576
7658,0.5009833574295044
12419,0.5005868673324585
50301,0.5006377100944519
54932,0.500535249710083
40443,0.5001689791679382
89290,0.5009939670562744
18566,0.5005755424499512
25390,0.5006176829338074
86488,0.5008258819580078
29629,0.5005224943161011
11058,0.5006102919578552
54617,0.5005765557289124
41981,0.5005567073822021
87296,0.5005196928977966
17667,0.5001645088195801
5896,0.5006808638572693
75975,0.5006895661354065
27593,0.5005833506584167
40873,0.4961552023887634
70373,0.5008538961410522
43440,0.5007346272468567
13967,0.5004404783248901
105002,0.5008630156517029
18683,0.5004596710205078
87657,0.500640332698822
57708,0.5006517171859741
92606,0.5004257559776306
72712,0.5007678866386414
69218,0.5004892945289612
58810,0.500552237033844
95425,0.500552773475647
95904,0.5008684396743774
79487,0.5003326535224915
46830,0.5004274845123291
69561,0.5005601644515991
94968,0.5002433657646179
1988,0.49949076771736145
96273,0.5004314184188843
2418,0.5006649494171143
12473,0.5006664991378784
19291,0.5004999041557312
10962,0.5001916289329529
47640,0.5005519986152649
93483,0.5008589625358582
104092,0.50078946352005
97169,0.5010637044906616
31477,0.5008144378662109
75670,0.5002164840698242
65370,0.5002261400222778
10836,0.5005821585655212
68685,0.5008789896965027
93012,0.5009388327598572
80205,0.5007697939872742
66783,0.5001837015151978
79142,0.5007079839706421
51106,0.49019917845726013
101527,0.5002440810203552
46079,0.5002513527870178
68864,0.5008714199066162
105489,0.5003223419189453
54811,0.5006574988365173
6426,0.5005286335945129
100841,0.5009223818778992
65650,0.5006797313690186
57870,0.5005561709403992
55990,0.4989306628704071
106074,0.5002186894416809
49536,0.5005642175674438
89328,0.5002293586730957
18713,0.5007607936859131
91797,0.5009652972221375
106639,0.50055992603302
5890,0.5006700158119202
89684,0.50030916929245
54023,0.500726580619812
47021,0.5008553862571716
31128,0.5009763240814209
1963,0.5007129907608032
76891,0.5009624361991882
90892,0.5009188055992126
63803,0.5001745223999023
49662,0.5003222227096558
94938,0.5005311369895935
23162,0.5004758834838867
96698,0.5009016394615173
103791,0.49960917234420776
64992,0.5004180669784546
58764,0.5004492998123169
5358,0.5003883838653564
61333,0.50054931640625
63475,0.5002362132072449
13214,0.5006044507026672
21817,0.5005080103874207
34789,0.5004869699478149
33534,0.5002503991127014
68438,0.5004997849464417
103299,0.50132155418396
106707,0.5006961822509766
37671,0.5003065466880798
36142,0.5010389685630798
75447,0.500470757484436
31898,0.49229001998901367
65458,0.4925963282585144
20782,0.5007966756820679
93542,0.5006712079048157
28068,0.5004926919937134
13088,0.5002036690711975
91210,0.5002195835113525
73055,0.5006926655769348
2146,0.5005825161933899
45779,0.5006309151649475
53843,0.50063157081604
6613,0.4974181056022644
85068,0.5008670687675476
34339,0.5003607273101807
1747,0.5001221895217896
100398,0.5005709528923035
77182,0.5005235075950623
16496,0.500752866268158
50826,0.5005152225494385
54432,0.5005503296852112
106786,0.5004458427429199
60662,0.5004756450653076
25319,0.5001939535140991
57166,0.5005646347999573
93039,0.500432014465332
57408,0.5005713105201721
98502,0.5006870627403259
89627,0.50045245885849
30063,0.5009704828262329
37625,0.5004909634590149
20751,0.5006439089775085
43244,0.5007957220077515
66830,0.49758610129356384
7174,0.5007858276367188
98246,0.499441534280777
56972,0.5005574822425842
84719,0.5004495978355408
86073,0.5003633499145508
49249,0.4999847412109375
72494,0.5005530714988708
56350,0.5009980797767639
75617,0.5001210570335388
61192,0.500572144985199
95727,0.5002403855323792
53226,0.500517725944519
11746,0.5005559921264648
56780,0.5004856586456299
48037,0.5004006624221802
67699,0.49778327345848083
52046,0.5007652640342712
7373,0.5006359815597534
55155,0.5004703998565674
87577,0.5004832744598389
97264,0.5010541081428528
73458,0.5002648234367371
86325,0.5008592009544373
96463,0.5006153583526611
16633,0.5008581280708313
75069,0.5006793737411499
35487,0.49948543310165405
24768,0.5007712841033936
34822,0.5006689429283142
101479,0.5005804896354675
79766,0.500568151473999
49768,0.5004792213439941
22731,0.5009363293647766
33574,0.5010039210319519
55252,0.5007808208465576
40683,0.5005475282669067
33771,0.5008201003074646
857,0.5005334615707397
51226,0.5011018514633179
46831,0.50039142370224
105253,0.50069260597229
79491,0.5004478096961975
103022,0.5006682276725769
82950,0.49986448884010315
64234,0.5010311007499695
78991,0.5004615783691406
83774,0.5006631016731262
48994,0.5008940100669861
84569,0.5008952617645264
80903,0.499933123588562
39230,0.5008388161659241
97195,0.5004875063896179
34972,0.5003013610839844
63621,0.5005030632019043
11553,0.5001490116119385
95009,0.5009815692901611
2753,0.5003451704978943
102798,0.5005354285240173
35609,0.5005824565887451
45723,0.5009978413581848
36421,0.5005427598953247
93564,0.5001286268234253
18673,0.5005193948745728
99963,0.5006279945373535
19921,0.5005548000335693
9379,0.5005120038986206
63121,0.5007140636444092
55480,0.5008037686347961
102975,0.5009451508522034
55632,0.5004028081893921
74937,0.5007988214492798
51836,0.500139057636261
12610,0.5008993744850159
46487,0.49963077902793884
42150,0.5006634593009949
2908,0.5008707046508789
11348,0.5005640387535095
104966,0.5005736947059631
56207,0.5006037950515747
47420,0.5005861520767212
70191,0.5005690455436707
30693,0.500862181186676
82367,0.5007221102714539
56454,0.5003937482833862
40608,0.500386655330658
590,0.5010667443275452
64431,0.500582754611969
14717,0.5005233287811279
14898,0.4998144507408142
5949,0.5005301833152771
80059,0.5005568861961365
24763,0.50047767162323
46875,0.5004782676696777
26931,0.5002541542053223
72880,0.5010421276092529
104802,0.5006693005561829
39042,0.5004118084907532
986,0.5010789036750793
7537,0.4989011585712433
74147,0.499877005815506
24786,0.5002077221870422
94019,0.500681459903717
29377,0.5005723237991333
16134,0.5006518363952637
9499,0.4996601939201355
64513,0.5006102919578552
15569,0.4998781979084015
47017,0.5006222128868103
13043,0.5001097321510315
56464,0.5002946257591248
8315,0.500505268573761
31026,0.5006737112998962
74871,0.5005979537963867
46139,0.5007333755493164
57488,0.5004779100418091
263,0.5004317760467529
3394,0.5004615187644958
22237,0.500874400138855
17299,0.5005072355270386
43048,0.5002502202987671
91934,0.5005396008491516
15814,0.498718798160553
92661,0.5002292990684509
48500,0.5008111596107483
101522,0.5005364418029785
58058,0.5006289482116699
48310,0.5010231733322144
93528,0.5009250044822693
48732,0.5005530714988708
56815,0.5009936094284058
2861,0.5009751319885254
32056,0.500118613243103
31686,0.4999668598175049
32212,0.4999343752861023
34433,0.5007323026657104
9154,0.5012139081954956
62686,0.5009267330169678
93196,0.5006551742553711
95261,0.5003578066825867
70962,0.500901460647583
90520,0.5003868341445923
29033,0.5008980631828308
2713,0.5007447600364685
36946,0.49484893679618835
35993,0.5002084374427795
100933,0.5004130005836487
14561,0.5000138878822327
97302,0.5009992122650146
9600,0.5006346106529236
10294,0.5007854700088501
44890,0.5008957386016846
87850,0.5005542039871216
101786,0.500842809677124
69051,0.5007892847061157
54868,0.5005812644958496
6583,0.5005569458007812
63256,0.5002602338790894
53969,0.500683069229126
69907,0.5007518529891968
45282,0.5005680322647095
95125,0.4971652626991272
54365,0.5005975961685181
63236,0.5003831386566162
104959,0.5003845691680908
105117,0.5006361603736877
18787,0.5007734298706055
77502,0.4999757409095764
59084,0.5007293820381165
91595,0.5005746483802795
80788,0.5005354881286621
99862,0.5006142258644104
87325,0.49937084317207336
57303,0.5008115172386169
37884,0.5005526542663574
92059,0.500718355178833
76261,0.5004745125770569
79007,0.5006359815597534
97833,0.5007396936416626
40382,0.5003268718719482
42825,0.5009095072746277
73429,0.5004622340202332
67050,0.5005510449409485
67837,0.4999955892562866
11945,0.5002322793006897
4880,0.5006310343742371
104670,0.5007463693618774
69307,0.5008161067962646
2417,0.5006320476531982
20890,0.5007720589637756
60524,0.5009526014328003
67623,0.5004541277885437
79406,0.500598669052124
81812,0.5005154609680176
47792,0.5004767775535583
60455,0.5006680488586426
57967,0.5007544159889221
63131,0.5007683038711548
77533,0.5002886056900024
75815,0.5009973645210266
17220,0.5007395148277283
4822,0.5006405115127563
104299,0.5009695887565613
27396,0.5004859566688538
66788,0.5002067685127258
73691,0.500512421131134
84699,0.5008906126022339
76468,0.5002819299697876
6868,0.5004932284355164
95938,0.5005332231521606
91872,0.5004172325134277
59054,0.5010020136833191
37147,0.5006870627403259
24966,0.5002927780151367
5668,0.5005342960357666
97600,0.5008715391159058
61930,0.5006178021430969
86934,0.5005195140838623
83678,0.5002570152282715
29827,0.5006372928619385
6206,0.5008268356323242
93891,0.5004755854606628
22302,0.5007357001304626
53715,0.5005727410316467
74452,0.5005488395690918
98097,0.500731885433197
94492,0.5005106925964355
52873,0.5007539391517639
39371,0.5006834268569946
33321,0.5010358691215515
105024,0.4999624490737915
70699,0.5006122589111328
63945,0.5005462765693665
92000,0.5004847049713135
4990,0.500415563583374
45293,0.5006661415100098
89028,0.5005897283554077
78250,0.5004013776779175
27659,0.5006105899810791
67546,0.5003243684768677
85206,0.4997607469558716
66829,0.5005691647529602
14360,0.5004498958587646
98129,0.5008267760276794
74522,0.5004477500915527
20811,0.5008599758148193
76081,0.5006001591682434
38953,0.500239908695221
8430,0.5006207823753357
89041,0.5006757974624634
99838,0.5003732442855835
79512,0.5004122257232666
103604,0.5005495548248291
55820,0.5008782148361206
65422,0.5006758570671082
72645,0.5007742643356323
91160,0.5007279515266418
62410,0.5006449818611145
52414,0.500860869884491
5692,0.5005378723144531
77094,0.5006352663040161
55179,0.5006294250488281
49202,0.49933570623397827
8841,0.5006588101387024
8096,0.5009119510650635
75832,0.4921438694000244
39279,0.5003362894058228
100504,0.5007998943328857
37330,0.5006771683692932
71467,0.5007362365722656
27577,0.500673770904541
59870,0.5006836652755737
64403,0.5007690787315369
47464,0.5007544755935669
79770,0.5012722611427307
99308,0.5006096959114075
57197,0.4997529983520508
37918,0.5008385181427002
43470,0.5003669261932373
100219,0.5009080767631531
26510,0.50042724609375
25870,0.5006299614906311
65867,0.5006133317947388
51739,0.5004644989967346
99965,0.5004028677940369
10534,0.5009496808052063
6664,0.5004712343215942
104971,0.5004737377166748
24615,0.5001527667045593
100862,0.5004406571388245
28018,0.5007421374320984
7345,0.5005347728729248
76059,0.5005318522453308
24256,0.5005441904067993
89943,0.5005321502685547
97303,0.5004172325134277
60280,0.500647246837616
18324,0.5004830360412598
87641,0.5005726218223572
28970,0.500257670879364
27363,0.5008515119552612
52902,0.5005934834480286
85294,0.5003753304481506
81480,0.5010665059089661
1744,0.5005436539649963
38002,0.5006667971611023
14284,0.5000410079956055
38484,0.5000892877578735
80584,0.5008916258811951
77050,0.5006967186927795
31259,0.5005713105201721
79077,0.5004737377166748
58886,0.5006542205810547
60954,0.5005837678909302
70799,0.5004961490631104
52013,0.5006182789802551
71904,0.5005545020103455
71844,0.5000318884849548
22734,0.5003109574317932
79724,0.5005016922950745
82508,0.5008158683776855
77802,0.5003925561904907
54576,0.5007138252258301
82046,0.5006577968597412
42787,0.5004673004150391
91919,0.5003955960273743
4764,0.500843346118927
29079,0.5008447170257568
30254,0.500525712966919
94013,0.49835047125816345
33643,0.5010131597518921
24238,0.5005711317062378
83026,0.5000944137573242
3164,0.500330924987793
81900,0.5012286901473999
50519,0.500744640827179
76320,0.5006398558616638
56165,0.5006756782531738
83166,0.5003854036331177
88675,0.5010015368461609
76380,0.500592827796936
86709,0.5006608963012695
54070,0.5011909008026123
37157,0.5004518628120422
104166,0.5000746846199036
68285,0.49965137243270874
81848,0.5003160834312439
44145,0.5002866983413696
24019,0.5006263256072998
86235,0.5008687973022461
80353,0.5006743669509888
45854,0.5006542801856995
4402,0.5005955100059509
41645,0.5005777478218079
31674,0.5008663535118103
28987,0.5006139278411865
18766,0.5000544786453247
10355,0.4998648464679718
32427,0.5004247426986694
91400,0.5005647540092468
55295,0.5007104873657227
106782,0.5005218386650085
1645,0.5009890198707581
2610,0.501028299331665
53836,0.5005765557289124
63495,0.5001781582832336
53689,0.500603199005127
99572,0.5003154277801514
4148,0.5007778406143188
93681,0.5000914931297302
82600,0.5009950399398804
63362,0.5006272196769714
58983,0.5007491707801819
66268,0.5004333257675171
83582,0.49000459909439087
104484,0.5012333989143372
39197,0.49998289346694946
70740,0.5005800127983093
75117,0.49399685859680176
56646,0.5004516243934631
103460,0.5005483031272888
19134,0.5002056360244751
87447,0.5005154609680176
49659,0.5004741549491882
83556,0.5009716749191284
23993,0.5006241202354431
5813,0.500579833984375
29916,0.500624418258667
12340,0.49113112688064575
67255,0.5011531114578247
46508,0.5000973343849182
67248,0.50075364112854
29461,0.500271201133728
51279,0.500533401966095
16059,0.5009862184524536
92016,0.5006324648857117
50313,0.500669538974762
78370,0.5007598400115967
80708,0.5005183815956116
90075,0.5002447366714478
72748,0.5003871321678162
10128,0.5004945993423462
7858,0.49001890420913696
69469,0.5005698800086975
607,0.5006890296936035
31648,0.5006261467933655
65947,0.5003788471221924
65612,0.5005980730056763
29127,0.4993991255760193
71081,0.500799834728241
28869,0.5001698136329651
13784,0.5005838871002197
98489,0.5006194710731506
38712,0.5008407831192017
1935,0.5010119080543518
81134,0.5008382201194763
97576,0.49212342500686646
100132,0.5001876950263977
41552,0.5006054043769836
104473,0.5008185505867004
10886,0.500583291053772
4608,0.5000275373458862
19638,0.5003666877746582
103726,0.500522792339325
14088,0.5007284879684448
44367,0.5005829334259033
77775,0.5005315542221069
43133,0.500886857509613
11750,0.500412106513977
38773,0.500898003578186
80328,0.5005856156349182
36364,0.5004921555519104
72222,0.5011817216873169
24497,0.5001504421234131
81796,0.5000249743461609
68276,0.5005601644515991
95099,0.5007468461990356
104325,0.5006970763206482
72720,0.5011905431747437
81957,0.500684916973114
68678,0.4997253715991974
6282,0.5008975267410278
39478,0.5004782676696777
64263,0.5008015036582947
56842,0.5003055930137634
71748,0.50045245885849
101186,0.5009332895278931
77819,0.500171422958374
82746,0.5008414387702942
75372,0.5003957152366638
86180,0.5006452202796936
103038,0.5005146265029907
53965,0.500662624835968
51154,0.5009862184524536
68680,0.500023365020752
10380,0.5007200837135315
15435,0.5005685687065125
80262,0.5008849501609802
72306,0.5008584856987
62687,0.5002866387367249
87244,0.5006821751594543
45990,0.5006757974624634
2832,0.5006792545318604
15117,0.5005545616149902
62567,0.5005179643630981
13436,0.5003480315208435
10683,0.5004153251647949
25182,0.500665009021759
65739,0.500739336013794
94520,0.5005432367324829
96784,0.5007715821266174
21531,0.5006269812583923
58971,0.49814966320991516
66147,0.5007185339927673
101483,0.5005830526351929
79887,0.5006160140037537
29544,0.5005922913551331
69091,0.5004850625991821
11176,0.5005749464035034
60268,0.5001026391983032
71120,0.49940162897109985
31291,0.4999203681945801
43865,0.5008013248443604
40585,0.5009162425994873
37452,0.5003930926322937
52456,0.5005559921264648
90007,0.5006489753723145
16739,0.5005391836166382
91551,0.5003541111946106
23423,0.5004577040672302
1706,0.5004373788833618
7452,0.5003116726875305
8134,0.5006426572799683
58536,0.5005941390991211
105734,0.500496506690979
1313,0.5008869171142578
84876,0.5005147457122803
100693,0.5005441904067993
57995,0.5004546642303467
79811,0.5005251169204712
69139,0.5007469058036804
58534,0.5002315640449524
99375,0.5007439255714417
76796,0.5004044771194458
66626,0.5003889203071594
97721,0.5003994107246399
102488,0.5005093216896057
31116,0.5008140802383423
21065,0.5003350973129272
59272,0.5006122589111328
99469,0.5001541376113892
46333,0.5010995268821716
28601,0.5006559491157532
25815,0.5004866719245911
102482,0.5005893111228943
34661,0.5007995367050171
65391,0.5010477304458618
81943,0.5004337430000305
28505,0.5006476044654846
88621,0.5006609559059143
62287,0.5008443593978882
25860,0.5005832314491272
58026,0.5006132125854492
59165,0.5005027651786804
21355,0.5004786849021912
724,0.5005413293838501
61635,0.5007705688476562
10564,0.5005540251731873
41782,0.5005834698677063
6229,0.5005756616592407
42952,0.5000966787338257
56235,0.5000457167625427
104947,0.5005964040756226
7746,0.5005955696105957
100978,0.500238299369812
20646,0.5008180737495422
78149,0.5004895925521851
94746,0.5005217790603638
11466,0.5007689595222473
12787,0.5006200671195984
104608,0.5012830495834351
38068,0.5006325244903564
12230,0.4985799789428711
22667,0.5006099343299866
35855,0.5006414651870728
27932,0.5004475712776184
57277,0.5006740093231201
71908,0.5002657771110535
23047,0.5006071925163269
54288,0.5010897517204285
73157,0.5009081959724426
72434,0.5008049011230469
37676,0.49991104006767273
107058,0.5005157589912415
103029,0.500514805316925
34947,0.5007588863372803
85834,0.5008221864700317
74743,0.5005893111228943
19940,0.5006803870201111
29136,0.5010302662849426
65700,0.5006817579269409
15352,0.5011028051376343
44799,0.5006967782974243
79640,0.5006207227706909
745,0.500205397605896
68654,0.5006356239318848
75911,0.5002513527870178
814,0.5005667805671692
30903,0.4999457597732544
32545,0.500744104385376
35506,0.5007013082504272
69863,0.5004496574401855
19443,0.5007550716400146
45375,0.5005828738212585
22240,0.5005400776863098
86911,0.5005353093147278
68265,0.5005588531494141
91954,0.5006362795829773
99622,0.5008009076118469
47734,0.5004955530166626
53726,0.5005074739456177
94247,0.499958336353302
154,0.500918447971344
11650,0.5002447962760925
27561,0.5005796551704407
49806,0.49917736649513245
94011,0.5005849599838257
50140,0.5006130933761597
93185,0.5003069639205933
78438,0.5004715919494629
2264,0.5005452036857605
62528,0.5008682608604431
4665,0.5008944272994995
7685,0.5003639459609985
39824,0.49774375557899475
65005,0.5007997751235962
68816,0.5004518628120422
102678,0.5005499124526978
63734,0.5007039308547974
40320,0.5005579590797424
2545,0.5003150105476379
41278,0.5009894967079163
102661,0.5001946687698364
29550,0.5007187724113464
13831,0.5005683302879333
52921,0.5003756284713745
106351,0.5003241300582886
95864,0.500520646572113
9087,0.5008504986763
5591,0.5008404850959778
46258,0.4999372959136963
95865,0.500686764717102
42844,0.5008243918418884
77093,0.5006943345069885
84201,0.5007367730140686
70165,0.5005842447280884
32357,0.5007176995277405
101296,0.5008876919746399
67095,0.5005236864089966
85509,0.5007001161575317
50202,0.5010883808135986
12793,0.5007582306861877
94120,0.5010949969291687
16628,0.5009007453918457
88444,0.5007283687591553
48356,0.5000339150428772
57373,0.500639021396637
20724,0.4994654953479767
32265,0.5008401274681091
50643,0.501131534576416
52320,0.50066739320755
90770,0.5004692673683167
36345,0.5006037354469299
51312,0.5002951622009277
106826,0.5007120966911316
1659,0.5007288455963135
16342,0.5004948973655701
14592,0.5006052255630493
91973,0.5006994605064392
92819,0.5004595518112183
19977,0.5008782744407654
14955,0.49985191226005554
2250,0.5008606314659119
72244,0.500738263130188
26420,0.5007561445236206
68772,0.5007802844047546
5213,0.4967494606971741
51455,0.5007526278495789
81805,0.5004993081092834
85814,0.5005117058753967
26954,0.5000372529029846
69738,0.5008658170700073
65545,0.5005205869674683
83747,0.5008581280708313
71477,0.5009171366691589
69329,0.5006837248802185
1746,0.4956338703632355
87324,0.5007398128509521
45379,0.5007879137992859
89712,0.5008472800254822
96389,0.5005324482917786
35886,0.5006965398788452
89497,0.5004961490631104
49775,0.5004187822341919
81178,0.5006234049797058
72632,0.5006631016731262
93516,0.5010790228843689
57472,0.5007364749908447
95100,0.5002245903015137
257,0.5001647472381592
97807,0.5003970861434937
42302,0.5003467798233032
103524,0.5007036328315735
89488,0.5003228783607483
76436,0.5006995797157288
95621,0.5000369548797607
88434,0.500492513179779
106829,0.5006603598594666
36065,0.5002487897872925
85803,0.5001971125602722
26046,0.5006027817726135
57695,0.5001785755157471
49956,0.5004558563232422
41088,0.5007418394088745
46736,0.500145673751831
45144,0.500825822353363
99930,0.5002397298812866
27117,0.5007678866386414
53530,0.5005417466163635
49282,0.5003551840782166
1592,0.5004364848136902
2095,0.5004000067710876
105521,0.5005103349685669
93321,0.5008369088172913
77725,0.5006577968597412
52947,0.5013378858566284
43384,0.5007554888725281
41422,0.5002604126930237
102039,0.5005140900611877
69243,0.5006193518638611
100066,0.49971380829811096
103522,0.5007938742637634
61424,0.5006033778190613
12304,0.5007752776145935
99845,0.5006486177444458
57141,0.5000342130661011
63639,0.5007005929946899
19505,0.5004181265830994
72803,0.5006282329559326
57130,0.5006953477859497
104086,0.5007073879241943
95997,0.5004398226737976
73735,0.5009475946426392
17898,0.5010254383087158
63729,0.5007547736167908
62143,0.5003947615623474
76631,0.5010839700698853
24602,0.5008143782615662
69537,0.5006387829780579
57797,0.500268816947937
95559,0.5004357695579529
90322,0.5004512667655945
80472,0.5003185272216797
66595,0.5001119375228882
92922,0.5005286335945129
29561,0.5002055764198303
83239,0.5002214312553406
91457,0.5006830096244812
55134,0.500517725944519
99539,0.5005415678024292
48374,0.5010054111480713
36915,0.5002064108848572
65108,0.4994187653064728
29981,0.5005946159362793
93649,0.5005258321762085
89723,0.5005870461463928
76692,0.5005269646644592
54562,0.500799298286438
43904,0.5004475712776184
33293,0.5008041858673096
73671,0.5011651515960693
28238,0.5005258917808533
27546,0.5006053447723389
2281,0.5011852383613586
80042,0.49866199493408203
47374,0.5005303621292114
67558,0.5003150105476379
58322,0.5004254579544067
106927,0.5007182955741882
81403,0.5005839467048645
86321,0.5004677772521973
50823,0.500713586807251
97448,0.49755972623825073
105586,0.5005115270614624
75470,0.5002615451812744
9662,0.4935804009437561
91907,0.5007458925247192
41996,0.5007028579711914
59405,0.5005832314491272
52052,0.4925735294818878
30825,0.5003904104232788
95254,0.5005727410316467
58587,0.5006961226463318
98745,0.5009920597076416
29759,0.5006940364837646
101031,0.5002450346946716
20484,0.5006009340286255
25560,0.5005368590354919
61360,0.5009483098983765
29448,0.5006136298179626
19381,0.5000228881835938
35748,0.5007961392402649
68222,0.5005297660827637
39947,0.5005786418914795
49604,0.5007054805755615
1877,0.5013970136642456
46967,0.5005925297737122
20173,0.5005365610122681
36385,0.5009347200393677
69799,0.5002501010894775
69403,0.4916364550590515
95633,0.5005525946617126
33998,0.5001229047775269
64813,0.5003255605697632
45104,0.5005531311035156
8400,0.5004721879959106
2873,0.5007076859474182
10001,0.5005279183387756
48294,0.500932514667511
83497,0.5003880858421326
57145,0.5002838969230652
40968,0.5001642107963562
12970,0.5003309845924377
73741,0.5004898905754089
63151,0.5007624626159668
70917,0.5008460283279419
32230,0.5006695985794067
56209,0.5000936985015869
23490,0.5006481409072876
47058,0.5002108216285706
82884,0.5005012154579163
97008,0.5004497170448303
19504,0.5006157159805298
2297,0.5007864236831665
48473,0.5003907680511475
86212,0.5012545585632324
38842,0.500934898853302
39472,0.5000934600830078
51818,0.5006333589553833
23397,0.5007096529006958
96486,0.500862717628479
88840,0.500345766544342
40466,0.5012664198875427
70317,0.5006146430969238
76574,0.5010368824005127
39341,0.500316858291626
7292,0.5007496476173401
2023,0.500478208065033
77379,0.5005820393562317
58211,0.5007721781730652
33639,0.5004734992980957
104130,0.5005378127098083
99841,0.50065678358078
106572,0.5005351901054382
76552,0.5003657937049866
101625,0.5002210140228271
66162,0.500702977180481
41851,0.5005601644515991
101017,0.5006219148635864
92229,0.5005140900611877
82357,0.5002574324607849
15982,0.5008001327514648
23136,0.5005502700805664
97759,0.5004215240478516
92316,0.5000585913658142
91913,0.5007787346839905
46431,0.5007390975952148
19270,0.5004284977912903
76264,0.5005719661712646
97433,0.5008890628814697
49813,0.5004250407218933
63267,0.5005885362625122
44030,0.5007402896881104
47029,0.5005028247833252
60911,0.49982327222824097
26852,0.5008844137191772
25495,0.5003955364227295
30724,0.5001890063285828
97366,0.5008341670036316
88283,0.5005917549133301
99771,0.5007396340370178
22333,0.5005069375038147
32269,0.5014102458953857
8079,0.5011370182037354
2779,0.5005816221237183
13370,0.5004202127456665
67613,0.5001581907272339
84513,0.5005419254302979
8508,0.5004314184188843
66942,0.5003952980041504
56528,0.5009379386901855
63111,0.5005314946174622
43119,0.5006647109985352
55170,0.5010626912117004
77456,0.4976803958415985
8406,0.5007598400115967
49227,0.5003990530967712
100176,0.4993217885494232
89671,0.5011650919914246
99750,0.5005077123641968
60128,0.5005329251289368
57307,0.5005553364753723
40250,0.5005460977554321
34581,0.5008413791656494
86220,0.5005820989608765
49095,0.5009273886680603
63946,0.5010204911231995
10473,0.501137912273407
41895,0.5005796551704407
76107,0.500624418258667
79867,0.5003805160522461
63319,0.5004065632820129
96015,0.5006507039070129
79850,0.5006166696548462
106860,0.5008378028869629
3663,0.5003308653831482
100342,0.5005744695663452
8091,0.5005025267601013
103769,0.5000433325767517
34494,0.5006662607192993
28174,0.5006512999534607
14089,0.5008997917175293
14851,0.5012407898902893
101546,0.5003430843353271
70823,0.5009430050849915
51750,0.5004289150238037
85313,0.500562310218811
15457,0.5007060170173645
14421,0.5005573034286499
98252,0.5008589029312134
64105,0.5009386539459229
85486,0.5008218288421631
40484,0.5011000037193298
21023,0.5002194046974182
14530,0.5005730986595154
43162,0.5004264116287231
6006,0.5009249448776245
6263,0.5005512833595276
42898,0.5008469223976135
74764,0.5006744265556335
53230,0.5009477138519287
102952,0.5006417632102966
17252,0.49989035725593567
91186,0.5006021857261658
29131,0.5006130337715149
78947,0.5006951093673706
3032,0.5008903741836548
98841,0.5011542439460754
8866,0.5005999207496643
72495,0.5008545517921448
67709,0.5007029175758362
90098,0.5008329153060913
59516,0.5004491209983826
50248,0.5011070966720581
94359,0.5002790093421936
27240,0.5004130601882935
96264,0.5007210373878479
52858,0.5007922053337097
46162,0.500694751739502
1134,0.5005286335945129
48949,0.5005091428756714
71960,0.50062495470047
68910,0.49874040484428406
99982,0.5003321766853333
41393,0.49576684832572937
51375,0.5006380081176758
68467,0.5002508759498596
76589,0.5006027817726135
70180,0.5005534291267395
37487,0.5009941458702087
71815,0.5004422068595886
103508,0.5006689429283142
82760,0.4996541142463684
58985,0.5008530616760254
16513,0.500820517539978
31230,0.5004256367683411
59944,0.49960413575172424
43283,0.5008236765861511
31673,0.5004947185516357
71637,0.5010088086128235
84561,0.49995166063308716
96324,0.5006833076477051
11191,0.5005002021789551
50728,0.5004720091819763
22865,0.5006954669952393
62181,0.5005752444267273
87356,0.49998873472213745
77537,0.5008747577667236
22487,0.5007672309875488
45970,0.5006024837493896
20742,0.5001207590103149
64806,0.5001482367515564
98020,0.5007957816123962
49161,0.5004976391792297
1783,0.5004475712776184
64058,0.5005949139595032
1330,0.5010498762130737
86753,0.5000883340835571
85567,0.5006498694419861
92385,0.500703752040863
63583,0.5008313655853271
41872,0.5007258057594299
4448,0.5004839301109314
10400,0.4962179362773895
54480,0.50001060962677
897,0.49992334842681885
75005,0.5007931590080261
104744,0.5003593564033508
78050,0.5005239248275757
24984,0.5005806684494019
106112,0.5009533762931824
19932,0.5006019473075867
102896,0.49992454051971436
73105,0.5006739497184753
91330,0.5002259612083435
34731,0.5005291104316711
52739,0.5007864832878113
26932,0.5007231831550598
31165,0.5006352663040161
58551,0.5003829002380371
21939,0.5006226897239685
91487,0.5012660622596741
97906,0.5007243752479553
44807,0.49508678913116455
39583,0.5005970001220703
93137,0.5007405281066895
34927,0.5009431838989258
45200,0.5002273917198181
14810,0.5009857416152954
97368,0.5007141828536987
49243,0.5005143284797668
22782,0.5006888508796692
23667,0.5005377531051636
71900,0.5005854368209839
25489,0.5007215142250061
27382,0.49799156188964844
46444,0.5004743933677673
78907,0.500235915184021
54487,0.5003753900527954
4456,0.500968337059021
39826,0.5001943707466125
66223,0.5008660554885864
56061,0.5007933974266052
62113,0.501007080078125
29214,0.5006750822067261
66149,0.500845730304718
88109,0.500869631767273
22342,0.500457227230072
101632,0.500356912612915
35544,0.5006828308105469
77028,0.5006093382835388
43616,0.49853718280792236
58907,0.5005184412002563
30899,0.5005347728729248
87933,0.5000185966491699
18929,0.5007121562957764
50190,0.5004839897155762
76597,0.5006794929504395
89900,0.49996864795684814
83765,0.5003701448440552
13518,0.5004140734672546
45429,0.500604510307312
50083,0.500108540058136
66000,0.5005678534507751
94851,0.5004991292953491
10556,0.5009567737579346
63987,0.5007656812667847
3997,0.5003656148910522
9047,0.5007312297821045
85872,0.5006293058395386
24822,0.5005105137825012
27379,0.5005991458892822
21940,0.500483512878418
48077,0.5002152919769287
96284,0.5008568167686462
79651,0.48936381936073303
103427,0.5004136562347412
12807,0.5005664825439453
83175,0.5000823736190796
15840,0.5008223056793213
3484,0.500533401966095
70845,0.500477135181427
101606,0.5005381107330322
23783,0.5004581212997437
64445,0.5006852149963379
104412,0.5000020265579224
70411,0.5000253915786743
19819,0.5005211234092712
65009,0.500601053237915
92342,0.5002925395965576
19108,0.5004947781562805
6746,0.500526487827301
94206,0.5006542801856995
94143,0.5004429817199707
99106,0.5008567571640015
69631,0.5004687309265137
53596,0.5009175539016724
101047,0.5011292099952698
56697,0.5005927085876465
55742,0.5005037784576416
70944,0.5004174113273621
92980,0.5004870295524597
34131,0.5008617639541626
44222,0.500593900680542
43819,0.5003445148468018
19874,0.49712932109832764
49225,0.5002145171165466
5038,0.5004374384880066
29429,0.4996921420097351
86940,0.499735563993454
21797,0.5003067851066589
54871,0.5005752444267273
44711,0.5006165504455566
9775,0.5002613067626953
98608,0.5006688833236694
33277,0.5006997585296631
47216,0.5008689761161804
6745,0.5001580715179443
42361,0.5006636381149292
27101,0.5009525418281555
72144,0.5005747675895691
87482,0.5004146099090576
52060,0.5008785128593445
26520,0.5006290674209595
16,0.5003762245178223
97049,0.5009253621101379
65365,0.4994150698184967
26077,0.4998400807380676
18424,0.5010162591934204
80684,0.5001794099807739
51997,0.5005289912223816
11295,0.5003494024276733
255,0.5008732676506042
95708,0.5008239150047302
102388,0.49956586956977844
82724,0.5007507801055908
72032,0.5004554986953735
82147,0.5005210638046265
50404,0.5007206797599792
11290,0.5004580616950989
34522,0.5006961226463318
92537,0.5004674196243286
105140,0.5007032155990601
23560,0.5004750490188599
172,0.5003863573074341
95703,0.5007593035697937
93174,0.5006618499755859
52405,0.5003973245620728
28051,0.5006760954856873
4946,0.49996042251586914
43674,0.500484049320221
50110,0.5006936192512512
1179,0.5007995367050171
60536,0.5010952353477478
79473,0.500610888004303
104865,0.5002573728561401
74070,0.5003240704536438
97397,0.5009530186653137
76386,0.500019907951355
41379,0.4890047311782837
10449,0.5009189248085022
33692,0.5005123615264893
38931,0.500789999961853
40541,0.5009934306144714
95816,0.5004815459251404
47147,0.5004097819328308
39952,0.5000555515289307
10941,0.49971359968185425
5613,0.5011112689971924
29689,0.5005555152893066
21013,0.5006059408187866
12465,0.5007418394088745
7029,0.5013464689254761
100032,0.5000256299972534
33975,0.49978265166282654
102570,0.501079797744751
75071,0.5004866719245911
31504,0.5003568530082703
58867,0.5005412101745605
51215,0.5009259581565857
103693,0.5007912516593933
95082,0.5006776452064514
24245,0.5005442500114441
51808,0.5009377002716064
26899,0.5000877380371094
83788,0.5008580684661865
15455,0.500487208366394
6864,0.5006994605064392
43346,0.5004203915596008
45131,0.5001738667488098
59236,0.5004220008850098
60069,0.5006644129753113
97287,0.5007055401802063
73100,0.5006277561187744
2015,0.5006170868873596
67988,0.5008605122566223
15584,0.5004673004150391
104063,0.5005887150764465
15460,0.5000332593917847
95640,0.500413179397583
77076,0.5005200505256653
4555,0.5005879998207092
74424,0.4983689486980438
88710,0.5002647638320923
6054,0.49797239899635315
65620,0.500725269317627
10605,0.5007838606834412
59261,0.5005701780319214
25733,0.5006440877914429
58112,0.5006032586097717
81844,0.5005119442939758
49036,0.5007732510566711
26258,0.5008376240730286
3535,0.5006322264671326
101998,0.5006378889083862
66520,0.5003355145454407
87362,0.5004791617393494
99528,0.5001727342605591
12377,0.5008426308631897
51345,0.500893235206604
96938,0.5004458427429199
15312,0.5001018047332764
16353,0.5005359649658203
91008,0.49781954288482666
90835,0.5005544424057007
41820,0.5005309581756592
16151,0.5003397464752197
86348,0.50080806016922
105669,0.5006037354469299
101601,0.5005744695663452
83311,0.5005165934562683
104640,0.5001829862594604
84406,0.5006206035614014
8453,0.5004916191101074
60994,0.5005393624305725
51636,0.5005820989608765
4373,0.5006186366081238
49091,0.5006308555603027
68042,0.4993472397327423
82902,0.5009075403213501
49391,0.5006101131439209
30984,0.5007114410400391
34967,0.5005941390991211
40341,0.5004352331161499
45873,0.5006117820739746
17905,0.5005508065223694
16839,0.5006718635559082
44541,0.5001727938652039
68437,0.5006592273712158
21404,0.5004486441612244
73479,0.5006408095359802
30359,0.5003251433372498
73351,0.5003984570503235
84959,0.5008094906806946
56513,0.5008857250213623
103756,0.5001773834228516
67520,0.5005905032157898
100986,0.5011583566665649
27260,0.5005663633346558
731,0.5005382895469666
87687,0.5005286335945129
28660,0.4996148943901062
94391,0.5004996657371521
17446,0.5008921027183533
81498,0.5005934238433838
12219,0.500850260257721
78778,0.500760555267334
96356,0.5005630254745483
81985,0.5005578398704529
55448,0.5000914931297302
48604,0.500491201877594
5094,0.5004147291183472
81185,0.5003286600112915
71771,0.49975425004959106
69712,0.5008653998374939
46044,0.5006037950515747
88764,0.5008956789970398
88216,0.5005723237991333
77232,0.5004956126213074
32466,0.5005733966827393
56837,0.5007866024971008
40092,0.5005298852920532
99835,0.5010942816734314
7863,0.4948854446411133
84264,0.499647319316864
59001,0.5004711151123047
65318,0.5004218816757202
85921,0.5005010962486267
6507,0.5005796551704407
94886,0.5005030632019043
14161,0.5007638335227966
2774,0.500411331653595
18113,0.5009930729866028
39735,0.5006555318832397
78002,0.5006062388420105
28895,0.5003421306610107
70029,0.5003204941749573
74120,0.5004845857620239
5053,0.5005094408988953
72518,0.5008991956710815
46275,0.5007626414299011
96136,0.5011030435562134
14146,0.5006173253059387
48782,0.5005184412002563
71094,0.49991732835769653
4072,0.5012071132659912
22234,0.5007638931274414
40492,0.5005075931549072
79690,0.5008231997489929
23079,0.50091952085495
17333,0.5011166334152222
87119,0.5002874732017517
5834,0.5005342960357666
13551,0.49977436661720276
103021,0.5006506443023682
41991,0.4970366060733795
97997,0.5001290440559387
106143,0.5009071826934814
101996,0.500557005405426
101236,0.48655906319618225
36530,0.5006694197654724
17414,0.5005995631217957
33019,0.5003273487091064
85006,0.5010251998901367
76140,0.5008078217506409
11309,0.5004885792732239
34063,0.5009827017784119
86991,0.5004119277000427
32286,0.5003875494003296
2524,0.5003334879875183
6279,0.5007581114768982
57030,0.5001041889190674
37289,0.5008125901222229
54436,0.5001651048660278
67667,0.4997991621494293
51861,0.5005472898483276
48301,0.5005047917366028
92372,0.5000805854797363
66076,0.5003141760826111
104068,0.5004814267158508
31387,0.5005173683166504
103070,0.5003907680511475
102925,0.5006066560745239
99006,0.5008190870285034
34843,0.5000419616699219
38428,0.5008396506309509
50298,0.5010737776756287
51515,0.5004369616508484
32828,0.5005522966384888
104127,0.49038442969322205
2186,0.5006675124168396
20434,0.49968644976615906
96378,0.5005619525909424
13398,0.500720202922821
6188,0.4995459318161011
85871,0.5002891421318054
62571,0.5008255839347839
11099,0.5001898407936096
94810,0.49999094009399414
23998,0.5005146861076355
49636,0.5005311369895935
20494,0.5010132193565369
33693,0.5005385875701904
91076,0.5003646016120911
74944,0.5003807544708252
74179,0.5003305077552795
8337,0.5000161528587341
38300,0.5006780624389648
33038,0.5000839233398438
42301,0.5009158253669739
98406,0.5009588003158569
21120,0.5005160570144653
103069,0.5005801320075989
95270,0.500617504119873
29415,0.5004504919052124
8936,0.4885866045951843
3064,0.5005293488502502
9208,0.5002967715263367
3003,0.5007744431495667
19534,0.5006751418113708
38292,0.500749945640564
83724,0.5003400444984436
38364,0.5007897019386292
13128,0.5005790591239929
89959,0.5005271434783936
16895,0.5009444355964661
11341,0.5005291104316711
65488,0.5003241896629333
82592,0.5000805854797363
56114,0.4998325705528259
26861,0.5005690455436707
41746,0.5004813075065613
96149,0.5002270936965942
11061,0.5000161528587341
53212,0.49330854415893555
70589,0.5000883340835571
78186,0.5007539391517639
54618,0.5009034276008606
23535,0.5010207891464233
76071,0.5003611445426941
6762,0.5005987286567688
21563,0.5006573796272278
8277,0.500963568687439
68692,0.5006527900695801
16750,0.5006830096244812
106149,0.5002610683441162
32532,0.5005030035972595
32779,0.5005822777748108
102453,0.5011850595474243
30666,0.4997132420539856
61647,0.5004944205284119
27147,0.5009705424308777
95403,0.5005618929862976
100710,0.5003487467765808
36015,0.5006664395332336
106331,0.5008323788642883
87580,0.5003873109817505
41501,0.5010693073272705
98388,0.5006126165390015
30343,0.5003693103790283
100663,0.5005320310592651
48171,0.5008012652397156
56787,0.49995046854019165
14226,0.500494658946991
21243,0.5004881024360657
106770,0.5006451606750488
14458,0.5004595518112183
67170,0.5002002716064453
73977,0.5007820129394531
61569,0.5005740523338318
6221,0.5007825493812561
1656,0.5003940463066101
70599,0.5011858940124512
33838,0.501206636428833
59864,0.5003072023391724
74466,0.4997577667236328
11592,0.500389575958252
15088,0.5002642273902893
97597,0.5002248287200928
18431,0.5005865693092346
42600,0.5006240606307983
81817,0.5005990266799927
80331,0.5005366206169128
98567,0.500655472278595
4097,0.5010108351707458
63923,0.5005302429199219
28027,0.500876784324646
27503,0.5003522634506226
9715,0.5005767941474915
40488,0.5001840591430664
40166,0.5001886487007141
48582,0.500635027885437
6797,0.5002087354660034
65019,0.5007789134979248
30617,0.5008208751678467
51701,0.4884890913963318
5761,0.5003335475921631
105934,0.5006287097930908
40390,0.5011043548583984
58403,0.5002579092979431
39690,0.5005248188972473
69613,0.5004032850265503
17650,0.5005475282669067
26592,0.5006168484687805
70322,0.5004902482032776
63130,0.5006377696990967
49616,0.4996776282787323
102088,0.5007566809654236
15405,0.5007321238517761
68466,0.5005126595497131
92294,0.500577449798584
22524,0.5007261633872986
102550,0.5001769065856934
79178,0.500617265701294
78481,0.5004396438598633
25017,0.5008198022842407
4939,0.5005171298980713
28702,0.5003665089607239
50712,0.5001126527786255
42190,0.5004567503929138
85508,0.5007030963897705
36452,0.5006380677223206
9538,0.5006037354469299
35066,0.500218391418457
38543,0.5006099939346313
11794,0.5004996657371521
66006,0.5005518794059753
21198,0.5003774762153625
80627,0.5002396106719971
72178,0.499241441488266
52478,0.4973079264163971
54875,0.5011981725692749
93762,0.5007922053337097
86519,0.5007745027542114
78128,0.5004298686981201
82240,0.5002970099449158
100403,0.5004820227622986
46299,0.5007742047309875
105428,0.5003160834312439
76655,0.5007791519165039
87723,0.500670850276947
39172,0.5002864003181458
105399,0.5004138350486755
35620,0.4996768534183502
4285,0.5005331635475159
104852,0.5002214312553406
45967,0.5009711980819702
73419,0.5010542869567871
88642,0.500680685043335
66205,0.500331699848175
48234,0.49242016673088074
6612,0.5002352595329285
18880,0.5007611513137817
69298,0.5006011128425598
87659,0.5000412464141846
81104,0.5004932284355164
77462,0.50072181224823
86422,0.4999025762081146
82575,0.5006332993507385
29597,0.5008082389831543
45809,0.5003193020820618
82953,0.5007120370864868
60684,0.5004746913909912
18764,0.5000067949295044
103360,0.4998897612094879
36723,0.5009387731552124
29224,0.5005965828895569
48812,0.50055330991745
43786,0.4984080493450165
37907,0.5004593133926392
66750,0.5009394884109497
74666,0.500133216381073
32708,0.5004950165748596
98157,0.5008253455162048
85100,0.5010827779769897
10959,0.500724732875824
25471,0.5003874897956848
74863,0.5003649592399597
87242,0.5008400678634644
104648,0.5007216334342957
97052,0.5007849335670471
86805,0.5001968741416931
16681,0.5002790689468384
9645,0.5004158616065979
38003,0.5006442070007324
98423,0.5005346536636353
43855,0.5003564357757568
80998,0.5005881786346436
51599,0.500499427318573
86393,0.5010114312171936
97657,0.5005479454994202
68503,0.5007397532463074
62199,0.5005964636802673
22810,0.5004872679710388
25809,0.5000127553939819
31763,0.5010392665863037
56585,0.5007384419441223
82026,0.5006575584411621
31013,0.5003877878189087
88505,0.5005964636802673
67862,0.5002546906471252
1083,0.5004176497459412
32019,0.5004120469093323
45514,0.5008566379547119
45705,0.5003401041030884
24442,0.5006621479988098
2150,0.5002705454826355
44853,0.500289261341095
87629,0.5003520846366882
99796,0.5005379915237427
15349,0.5003761649131775
34765,0.5007774233818054
25818,0.5002982020378113
2666,0.500652551651001
76793,0.5005418658256531
105647,0.5004661083221436
81361,0.5006001591682434
90799,0.5003640055656433
35745,0.49062374234199524
160,0.5005539655685425
69303,0.5005777478218079
14700,0.5010656714439392
69746,0.5009680390357971
961,0.5009591579437256
3962,0.5003620386123657
24511,0.5008410215377808
61817,0.5012304782867432
19533,0.5006739497184753
43332,0.5001155734062195
52787,0.5007355809211731
79254,0.5006996989250183
63398,0.5005759596824646
46236,0.5006486773490906
103175,0.5005340576171875
79229,0.500678300857544
2444,0.5007914900779724
77714,0.501043975353241
80153,0.49990954995155334
98530,0.5004248023033142
93242,0.5006458163261414
39888,0.5007734298706055
9964,0.5010215640068054
31540,0.5003716349601746
47142,0.5005664229393005
35348,0.5003907680511475
74182,0.5005548000335693
5001,0.5007286667823792
37864,0.5005269646644592
14092,0.5008023381233215
16748,0.5006520748138428
104285,0.5004914402961731
41214,0.5007727146148682
27064,0.5006817579269409
1903,0.5000805258750916
9954,0.5001327395439148
86039,0.5006126761436462
54745,0.5001206398010254
9210,0.5004590153694153
103898,0.4928841292858124
21972,0.5007014870643616
67669,0.50045245885849
484,0.5005891919136047
47825,0.5004396438598633
47939,0.500369131565094
100475,0.5006889700889587
77167,0.5006003379821777
88023,0.5007951855659485
75237,0.5004514455795288
60778,0.5008851885795593
33347,0.5005214214324951
72757,0.5007572770118713
45691,0.5005362033843994
23169,0.5004574656486511
49808,0.5006464719772339
87952,0.5008190274238586
104831,0.5004417896270752
88511,0.5007598996162415
106076,0.5003568530082703
1970,0.4987398087978363
61596,0.5000286102294922
99009,0.5005301237106323
36950,0.5008302927017212
4566,0.5003638863563538
40783,0.5008565187454224
72599,0.500007688999176
8221,0.5005385875701904
19699,0.5006203651428223
37292,0.5009267330169678
11863,0.5005056262016296
79578,0.5002751350402832
25995,0.5005702376365662
37913,0.5007315278053284
7465,0.5006916522979736
77555,0.5005671381950378
87837,0.4929167926311493
32407,0.500952422618866
3374,0.5003809332847595
23096,0.500566840171814
21436,0.5006718039512634
67879,0.5004928112030029
105851,0.5005663633346558
84088,0.5009012818336487
33309,0.5008490681648254
58284,0.5005389451980591
67380,0.5002360939979553
51248,0.5005231499671936
7690,0.5006847977638245
66797,0.5007999539375305
3928,0.5010536909103394
98699,0.5003405809402466
37209,0.5010473132133484
39834,0.5004482865333557
100208,0.5003158450126648
92868,0.5000997185707092
7592,0.49984806776046753
93101,0.5006681084632874
82473,0.500410795211792
54104,0.5004007816314697
8772,0.4988037347793579
49171,0.5006015300750732
1186,0.5006786584854126
20672,0.5009879469871521
9230,0.5004411339759827
97020,0.5004019141197205
2270,0.5009769797325134
21016,0.500548243522644
42750,0.5006886720657349
12134,0.5004585981369019
85442,0.5005940198898315
4196,0.5008938908576965
45003,0.500952959060669
173,0.5007101893424988
93374,0.5007950067520142
88695,0.5000355243682861
24428,0.5009578466415405
21794,0.5004981756210327
83160,0.4993039071559906
61147,0.5007847547531128
84498,0.5005651712417603
12837,0.4997945725917816
55334,0.5003712177276611
23071,0.5006572604179382
86142,0.5009821653366089
82082,0.5011858344078064
40099,0.5001904368400574
90999,0.5001246929168701
60262,0.5007586479187012
13806,0.5005049109458923
84354,0.5003841519355774
93197,0.5006079077720642
31336,0.5006153583526611
61346,0.5012110471725464
64873,0.5002368688583374
32682,0.500838577747345
91281,0.49991393089294434
18862,0.5003564357757568
69521,0.5005949139595032
89560,0.5005103945732117
35183,0.5004220604896545
101367,0.500289797782898
80005,0.5006921291351318
28355,0.5007122159004211
81694,0.5002360343933105
67871,0.5005955696105957
40178,0.50094074010849
18070,0.5010707378387451
30680,0.5004573464393616
56137,0.5005031228065491
84815,0.500156044960022
86707,0.5007780194282532
55089,0.5005065202713013
59361,0.49995625019073486
64490,0.5009452700614929
57093,0.5005120635032654
15676,0.5004217624664307
39525,0.5002236366271973
47923,0.5003388524055481
45403,0.5004254579544067
83152,0.5000780820846558
98655,0.5005185604095459
50859,0.5004650950431824
65784,0.5009850263595581
70212,0.5006905198097229
21058,0.5007388591766357
74241,0.5002782940864563
62610,0.5008164644241333
7566,0.500446081161499
97972,0.5010420680046082
67144,0.5010992884635925
87606,0.5010724663734436
46796,0.5005767941474915
4010,0.500806450843811
76090,0.5004677176475525
12992,0.5003513097763062
96829,0.5007372498512268
84814,0.5004189014434814
57267,0.500438928604126
6047,0.5002243518829346
69361,0.5005542635917664
17613,0.5004956126213074
51751,0.5005626678466797
42632,0.5007674694061279
36140,0.5005118250846863
85388,0.5004324913024902
71239,0.5007431507110596
15500,0.5007319450378418
61416,0.500697672367096
31746,0.5010237693786621
50329,0.5004211664199829
73952,0.5008233785629272
32538,0.5005277991294861
13418,0.5009313225746155
12540,0.500572144985199
43800,0.500533938407898
14460,0.5004294514656067
55856,0.500478208065033
62352,0.5007340312004089
94871,0.5007396936416626
91572,0.5009036660194397
26053,0.5008860230445862
50065,0.5004525780677795
5865,0.5006437301635742
10612,0.5004135966300964
42136,0.5005856156349182
98225,0.5009569525718689
67911,0.5006197094917297
58526,0.5010271668434143
60638,0.5009573698043823
17491,0.5004931688308716
65807,0.5007836222648621
65190,0.5003214478492737
46855,0.5005909204483032
31550,0.5009223222732544
46678,0.5004027485847473
52586,0.5009217858314514
77083,0.5009322762489319
15946,0.5005494952201843
47152,0.500067949295044
82477,0.5000566840171814
89509,0.5003260374069214
67809,0.5003098249435425
66336,0.5003213286399841
104012,0.5005950331687927
5903,0.5008049011230469
71203,0.5005494356155396
53679,0.5000500679016113
4649,0.5004017949104309
45837,0.5005528926849365
47135,0.501072347164154
100954,0.5007937550544739
91716,0.5003201961517334
85728,0.5006842017173767
1170,0.5010848641395569
31247,0.5010510683059692
7679,0.5007299184799194
28796,0.49995148181915283
44977,0.5004574060440063
39422,0.5008470416069031
61607,0.5009760856628418
106078,0.4999014437198639
9024,0.5004149079322815
87278,0.5008920431137085
69203,0.500581681728363
1615,0.5003955960273743
18592,0.5009147524833679
102546,0.5005894303321838
92573,0.5001342296600342
99103,0.5007761716842651
64001,0.5008288025856018
10045,0.500682532787323
85073,0.5010022521018982
63138,0.4995112419128418
33289,0.5003653168678284
25657,0.49813657999038696
105677,0.5007239580154419
67163,0.5001863241195679
13647,0.500566303730011
76642,0.5004262924194336
51007,0.49994349479675293
68266,0.4999887943267822
44275,0.4981409013271332
20998,0.5004976391792297
37144,0.500576376914978
22529,0.5005359053611755
107135,0.5005186200141907
10453,0.5005883574485779
44915,0.5003379583358765
71397,0.5004234313964844
87754,0.5005712509155273
94874,0.5004168748855591
48273,0.4993201792240143
83799,0.5004782676696777
59725,0.5001228451728821
17919,0.5009050965309143
38410,0.5004949569702148
96210,0.5006797909736633
52102,0.5008741617202759
71858,0.5006266832351685
35019,0.5007052421569824
100257,0.5008077025413513
92012,0.5005833506584167
62039,0.5003802180290222
62999,0.4999363422393799
71724,0.5003167390823364
45444,0.500467836856842
92009,0.5009247064590454
19636,0.5007640719413757
55464,0.5005367994308472
71250,0.5002743005752563
7439,0.5006699562072754
49016,0.5007187724113464
23337,0.5005855560302734
60876,0.4995203912258148
49078,0.5005512237548828
74833,0.5006178617477417
29020,0.4909912943840027
26583,0.5002849698066711
29303,0.5005822777748108
42586,0.5003339648246765
71875,0.500627875328064
34508,0.5006273984909058
6165,0.5003734827041626
58493,0.5008464455604553
94887,0.5005375146865845
102986,0.5002076625823975
28098,0.5009276270866394
25087,0.500552237033844
8009,0.5004530549049377
89579,0.5001663565635681
54770,0.5004367232322693
51653,0.5003952980041504
45760,0.5007303357124329
4476,0.500370442867279
54421,0.5005773305892944
59509,0.5002388954162598
98689,0.5001969337463379
60921,0.500722348690033
39461,0.4998655617237091
70274,0.5007269978523254
37090,0.500641942024231
37016,0.5001808404922485
13411,0.5012018084526062
51088,0.5004655718803406
56925,0.500886082649231
98002,0.5002063512802124
35495,0.5007895827293396
93475,0.5009167790412903
68261,0.5006381273269653
98947,0.5004756450653076
50552,0.5005384087562561
59028,0.5003145337104797
88386,0.4999598264694214
96380,0.5005549192428589
45376,0.5000841021537781
43984,0.5006774067878723
24711,0.5002685785293579
97312,0.5006750226020813
26141,0.5004563331604004
16602,0.5005287528038025
23781,0.5005415081977844
28258,0.5006111860275269
64800,0.5004083514213562
37795,0.5004033446311951
62740,0.5003613829612732
41201,0.5004610419273376
1954,0.5005239844322205
81573,0.5005729794502258
21215,0.5003961324691772
70981,0.5005665421485901
67761,0.5007574558258057
104537,0.5000898241996765
52595,0.5008208751678467
28616,0.5002371668815613
17775,0.5005160570144653
35248,0.5001814365386963
34106,0.5004397034645081
13399,0.5002471208572388
62348,0.4994700849056244
22348,0.5005679726600647
78412,0.5005595088005066
79202,0.5006659626960754
28300,0.5006821155548096
57415,0.5004350543022156
24325,0.5007154941558838
104667,0.5006026029586792
102884,0.5008169412612915
75881,0.5005691647529602
89545,0.50065678358078
53802,0.5005884170532227
8428,0.5003066658973694
1947,0.5005042552947998
39582,0.5006239414215088
98781,0.5003832578659058
10914,0.5005199313163757
68116,0.5006102919578552
89336,0.5008113980293274
23088,0.4996125102043152
24498,0.5002973675727844
20680,0.5005344748497009
72863,0.5006004571914673
9853,0.4998859465122223
34780,0.5005196928977966
47982,0.5003119707107544
23029,0.5009974837303162
99217,0.5008804798126221
65189,0.5004711747169495
32702,0.5003782510757446
29196,0.5007838010787964
92311,0.5010259747505188
78556,0.5005953907966614
790,0.5005269050598145
61109,0.5006411075592041
27468,0.5006018280982971
59155,0.5001664757728577
77199,0.5008581280708313
5278,0.5003494024276733
74444,0.5001308917999268
82691,0.5006662011146545
16226,0.5005296468734741
52549,0.5006504654884338
44851,0.5008319020271301
59450,0.5002062320709229
94386,0.5004385709762573
17225,0.5009608268737793
36121,0.5004470348358154
70641,0.5005455017089844
23081,0.5008090138435364
26293,0.5001277327537537
19672,0.5004684329032898
75867,0.5008520483970642
12380,0.5007911324501038
58603,0.5007951259613037
75965,0.4973844885826111
89363,0.5008377432823181
93676,0.5006226897239685
14307,0.5004280209541321
91126,0.4983156621456146
25779,0.5005038380622864
6628,0.5006115436553955
4388,0.5007002949714661
93791,0.500579297542572
31487,0.500912606716156
90708,0.5005366802215576
30088,0.5006684064865112
83553,0.5007787942886353
74383,0.5005176663398743
25927,0.500565230846405
7414,0.5005459785461426
20334,0.5002394318580627
21744,0.500755250453949
21251,0.5005959868431091
60748,0.5007259249687195
43515,0.5006588697433472
74308,0.500603437423706
106088,0.5006749629974365
34656,0.5004841089248657
50547,0.5006853938102722
95637,0.5008235573768616
30704,0.500338613986969
15030,0.5004820227622986
24654,0.5008887052536011
9002,0.5005075335502625
39090,0.5006284117698669
50634,0.5003398656845093
97316,0.5004822015762329
84069,0.5007039308547974
15263,0.49907609820365906
17371,0.5006601810455322
92665,0.5005410313606262
68592,0.5006924271583557
34934,0.5008666515350342
60754,0.5005806684494019
11212,0.5006603002548218
57395,0.501006007194519
87247,0.5010268688201904
10163,0.5004284977912903
19818,0.5004148483276367
86469,0.5010114312171936
5163,0.500823974609375
89755,0.5006127953529358
15091,0.5008305907249451
54328,0.500700056552887
26074,0.5006649494171143
70959,0.5005421042442322
84334,0.5006659030914307
65282,0.5009257793426514
33477,0.5005555152893066
6641,0.500718891620636
23339,0.5006028413772583
224,0.5007031559944153
16607,0.5005740523338318
106110,0.5005295276641846
75941,0.5001388192176819
45252,0.5006375312805176
832,0.5007393956184387
55056,0.5005207061767578
89743,0.5007728934288025
60890,0.5006872415542603
55078,0.5006960034370422
48751,0.49993616342544556
64538,0.5004366636276245
40381,0.49982357025146484
80868,0.5000238418579102
39323,0.5005756616592407
87561,0.5009071230888367
16654,0.5005019307136536
41696,0.5002255439758301
13283,0.5004817247390747
24227,0.5007813572883606
9617,0.5007486939430237
56613,0.5007150769233704
87591,0.500856339931488
51253,0.5014039278030396
79479,0.5008835792541504
90168,0.5001051425933838
63042,0.5007196068763733
37035,0.5006697177886963
52909,0.5001089572906494
69625,0.5001463294029236
10939,0.5005846619606018
43090,0.5009285807609558
23167,0.50058513879776
16387,0.5000462532043457
40661,0.5002866387367249
71384,0.5009007453918457
19426,0.5004625916481018
45384,0.5006811022758484
60704,0.5007112622261047
14812,0.5008039474487305
42412,0.5006086826324463
70876,0.4989708960056305
63689,0.5003874897956848
33546,0.5002630949020386
15735,0.49896717071533203
40798,0.5009804368019104
13733,0.5002226829528809
67133,0.500831663608551
18911,0.5001088380813599
31669,0.5000137090682983
80993,0.5005295872688293
48559,0.5000497102737427
6089,0.5005515217781067
75724,0.5002132058143616
76026,0.500560462474823
31984,0.5001397728919983
10651,0.5009482502937317
31300,0.5003215074539185
28564,0.5005662441253662
18914,0.5005977153778076
58189,0.5003713965415955
79828,0.49990078806877136
66402,0.5002985596656799
40202,0.5005823969841003
95576,0.5001826882362366
94270,0.5008838176727295
29226,0.5002938508987427
53270,0.5005807876586914
35383,0.5005757808685303
29566,0.5005938410758972
2547,0.5006622672080994
70342,0.5006435513496399
1061,0.5012456774711609
78036,0.5009109377861023
72994,0.5005775690078735
34506,0.5012205839157104
102711,0.5012956857681274
41440,0.5006969571113586
39328,0.500548243522644
82236,0.5005913972854614
54557,0.4999067485332489
8590,0.5005258917808533
49268,0.4995468854904175
53084,0.5005203485488892
32658,0.4924212098121643
40205,0.5006867051124573
16606,0.5004900097846985
21653,0.500339925289154
38824,0.5001708269119263
72356,0.5006476044654846
58357,0.5006376504898071
5784,0.5005956292152405
10202,0.5010014772415161
9417,0.500078022480011
33193,0.5002495050430298
107160,0.5005922913551331
70310,0.5009325742721558
18909,0.5008481740951538
60021,0.5005586743354797
20427,0.5007236003875732
104311,0.5006816983222961
86023,0.5005559921264648
31203,0.5005753636360168
63103,0.5005399584770203
98109,0.5004538893699646
21297,0.5008132457733154
52144,0.500505805015564
88901,0.5006053447723389
38225,0.5006042122840881
84696,0.5010659694671631
20497,0.5007575154304504
29476,0.5005063414573669
24075,0.500203549861908
22804,0.49998730421066284
91118,0.5002427101135254
80940,0.5010351538658142
43319,0.4904671013355255
29975,0.500538170337677
87083,0.5003896951675415
52097,0.5005013942718506
40409,0.500342607498169
38669,0.5005908012390137
3473,0.5005362033843994
42303,0.5002601742744446
55987,0.5005953311920166
29956,0.500417947769165
85955,0.5006816387176514
25404,0.5006925463676453
10515,0.5002395510673523
94826,0.5009084343910217
24313,0.5007078051567078
7440,0.5007408857345581
37739,0.5006192326545715
65222,0.5006528496742249
21842,0.5005357265472412
13616,0.5005630850791931
62725,0.5005772709846497
82094,0.5005717873573303
28784,0.500711977481842
90341,0.5003349781036377
90871,0.5006082653999329
97153,0.5007737874984741
34477,0.5004083514213562
27288,0.5002469420433044
6645,0.5003479719161987
106487,0.5008767247200012
103799,0.5004950165748596
100795,0.5006271600723267
50441,0.5001546144485474
25656,0.5007848739624023
42091,0.5002202987670898
31393,0.5008273720741272
105245,0.5007437467575073
30771,0.5006696581840515
63295,0.5007411241531372
92846,0.4996189475059509
76532,0.5006054639816284
55699,0.5004326105117798
51532,0.5008238554000854
81462,0.5010738968849182
55743,0.500908613204956
5471,0.5003678202629089
50734,0.5005578398704529
77357,0.5006382465362549
42814,0.5001327991485596
56981,0.5001764893531799
15870,0.5002934336662292
62263,0.5002647638320923
32459,0.5004936456680298
69113,0.5007906556129456
41655,0.5000682473182678
73181,0.5008516311645508
106893,0.4998173117637634
95135,0.5004897713661194
250,0.5008718371391296
46233,0.5009903907775879
61352,0.5008853673934937
78753,0.5006232857704163
36900,0.500445544719696
20266,0.5003754496574402
100210,0.5002517700195312
12736,0.5006347894668579
72307,0.4997537136077881
88205,0.5006570816040039
8442,0.5008068084716797
5266,0.49983328580856323
68454,0.5004693269729614
42471,0.5007451772689819
88656,0.5003786087036133
39599,0.500687837600708
52067,0.5007429122924805
36330,0.5006008148193359
64700,0.499656081199646
45548,0.5002845525741577
25933,0.5006048083305359
15386,0.5008732080459595
5678,0.5003231763839722
64586,0.5001858472824097
42264,0.5006839632987976
82239,0.5005234479904175
12472,0.5003233551979065
80615,0.5006030201911926
90894,0.5009799599647522
33993,0.500646710395813
68985,0.5006546378135681
48858,0.49987462162971497
2365,0.5005771517753601
61432,0.5007779598236084
55956,0.5008991360664368
72981,0.4985333979129791
3931,0.5005619525909424
102498,0.5006258487701416
65577,0.5008493065834045
104607,0.5010494589805603
3574,0.5007027983665466
48736,0.5001750588417053
17630,0.5007014870643616
92273,0.49991369247436523
88264,0.5002133846282959
46131,0.5006378293037415
65601,0.500701367855072
11263,0.5005924105644226
56695,0.5002203583717346
52600,0.5006875991821289
5653,0.5006479024887085
23233,0.50064617395401
102262,0.5005935430526733
19938,0.5005998611450195
43484,0.500176191329956
85166,0.5007957816123962
3085,0.5001257061958313
18921,0.5005785226821899
24771,0.49999696016311646
58897,0.4908069968223572
94516,0.5004341006278992
78453,0.5006386041641235
91211,0.500970721244812
105987,0.5005492568016052
43111,0.500284731388092
28487,0.5007131695747375
8124,0.5006120800971985
82311,0.5001732110977173
98877,0.5008700489997864
74159,0.5004215240478516
33511,0.500781238079071
95473,0.5003369450569153
19725,0.5004763007164001
41003,0.500481903553009
16427,0.5003741979598999
100963,0.5009450912475586
52106,0.5005978345870972
39236,0.5009591579437256
44120,0.5005462765693665
105658,0.5005515813827515
13655,0.5002872347831726
26906,0.500779390335083
88670,0.5005215406417847
10846,0.5001841187477112
61451,0.5007559061050415
22909,0.5005068778991699
5603,0.5005670189857483
71995,0.5005542635917664
13659,0.5007349848747253
33676,0.5005876421928406
99479,0.5004884600639343
87944,0.5005860328674316
98866,0.5008283257484436
101832,0.5003095865249634
41896,0.5005715489387512
3179,0.5009053945541382
51753,0.5004280209541321
27493,0.5009040236473083
49726,0.5004139542579651
12631,0.500350296497345
72865,0.5005443692207336
80074,0.500967264175415
25077,0.5007433295249939
2911,0.5007968544960022
6033,0.5007943511009216
11734,0.5006207227706909
49339,0.5005190372467041
3717,0.500693142414093
81240,0.5002408027648926
94153,0.5011558532714844
78852,0.5005449652671814
54176,0.49996185302734375
65079,0.5005204081535339
42937,0.5004353523254395
37077,0.5004783272743225
90291,0.5004182457923889
64253,0.5007870197296143
56721,0.5001614689826965
14315,0.5007984042167664
71554,0.5004444122314453
83088,0.5005670189857483
14641,0.5004486441612244
48788,0.5001429915428162
37948,0.5004063248634338
80385,0.5008496642112732
33468,0.5007577538490295
18095,0.5005236864089966
33431,0.5005108118057251
92258,0.5002840161323547
78347,0.5005196332931519
56274,0.49620431661605835
53441,0.5007463097572327
9495,0.5008804202079773
80729,0.5007673501968384
12433,0.5006330609321594
86376,0.5005989074707031
52615,0.5005244612693787
64847,0.5006687045097351
19409,0.5005307197570801
207,0.5010588765144348
68122,0.5001983642578125
92545,0.5012164115905762
95519,0.5005735158920288
50682,0.5005137324333191
55649,0.49911653995513916
81728,0.5004727244377136
11486,0.5006077885627747
57854,0.5007473826408386
1370,0.5010713934898376
30096,0.5008155703544617
37053,0.5004154443740845
54074,0.5001633763313293
33195,0.5006570219993591
102230,0.4981384575366974
45171,0.500340461730957
46872,0.5006503462791443
9345,0.5012729167938232
82785,0.4929777979850769
48943,0.5005735158920288
106349,0.5006073713302612
21593,0.5007263422012329
78571,0.5007303953170776
91788,0.5006271600723267
86361,0.500965416431427
52065,0.5005430579185486
84555,0.5003401041030884
3855,0.5006534457206726
43401,0.5009600520133972
69390,0.5005666017532349
56654,0.5004081130027771
28773,0.5007724165916443
100080,0.5002247095108032
89691,0.5004381537437439
80744,0.5004163980484009
27515,0.5001901388168335
101721,0.5007147789001465
23643,0.5003798604011536
47182,0.5007243752479553
56109,0.5005773901939392
81489,0.5006361603736877
72660,0.49902307987213135
25454,0.5004969835281372
89294,0.5007133483886719
74774,0.5011147856712341
30573,0.5006736516952515
55258,0.5004339218139648
5170,0.5003886818885803
88336,0.5005333423614502
5643,0.5005529522895813
62813,0.5006154775619507
72060,0.5005159974098206
36505,0.5001993179321289
30556,0.5006210207939148
80742,0.5005739331245422
81442,0.50076824426651
84357,0.49939966201782227
8437,0.5006611347198486
89498,0.50030517578125
52323,0.5002359747886658
6105,0.5007842779159546
28306,0.5005194544792175
817,0.5005322694778442
21262,0.5006389021873474
101935,0.5006064176559448
84337,0.5005645155906677
14451,0.5004848837852478
16999,0.5005760192871094
106000,0.5006256699562073
54478,0.5009351968765259
74663,0.5009410977363586
45704,0.5005965828895569
19643,0.5009495615959167
61567,0.5006066560745239
15631,0.5006032586097717
41554,0.5002636313438416
83039,0.5010553002357483
103446,0.5005888938903809
98345,0.500554084777832
58781,0.5002199411392212
36507,0.5005965828895569
93968,0.4984741508960724
69970,0.500352680683136
29264,0.5008530616760254
72447,0.5009095072746277
49490,0.5006629228591919
78217,0.5003899931907654
102159,0.49950429797172546
70273,0.5001665949821472
26338,0.4999197721481323
56176,0.5004608631134033
48531,0.5006535053253174
87778,0.5009292960166931
31072,0.5002099871635437
102437,0.5001819729804993
74391,0.500499963760376
99487,0.5004751682281494
1181,0.5007086992263794
98967,0.500490128993988
40784,0.5004411935806274
13252,0.5006154179573059
35927,0.5002475380897522
10450,0.49648019671440125
26024,0.5003302097320557
85777,0.5003697872161865
79959,0.5006399750709534
42224,0.5004553198814392
79732,0.500734806060791
13077,0.5005082488059998
45919,0.5006494522094727
48481,0.5006665587425232
23051,0.5005188584327698
53396,0.5002592206001282
25990,0.5013039708137512
65930,0.5007941722869873
84275,0.5008870959281921
55555,0.5007269978523254
13571,0.5002980828285217
19734,0.5011531710624695
99263,0.5006675720214844
40884,0.5008349418640137
76709,0.5008140206336975
91081,0.5006664395332336
99608,0.500975489616394
101938,0.500577449798584
31299,0.5007085800170898
54312,0.5004785060882568
75331,0.5007398128509521
26718,0.5008415579795837
39625,0.5006434917449951
10154,0.5006197094917297
52480,0.5009033679962158
86492,0.5005666613578796
67218,0.5007049441337585
90249,0.5007114410400391
107061,0.5004639029502869
31114,0.5003648400306702
22242,0.5005415678024292
103709,0.500548779964447
25534,0.5005826354026794
11076,0.5003251433372498
59426,0.50062096118927
40405,0.5007786750793457
44754,0.5009644627571106
22684,0.5003483295440674
5801,0.5006729960441589
36924,0.5006152391433716
53384,0.4992079734802246
92712,0.5008811354637146
96901,0.5008688569068909
66228,0.4989679455757141
6751,0.500542163848877
16380,0.5011990666389465
67691,0.500381588935852
69021,0.5004532933235168
96902,0.5005900263786316
47769,0.5008469820022583
31218,0.5009826421737671
38635,0.5004560351371765
84440,0.5007709860801697
80700,0.5003083348274231
83305,0.5002360939979553
77004,0.4980464279651642
35493,0.5008771419525146
57640,0.5004670023918152
22467,0.500898003578186
37776,0.5008188486099243
69920,0.5004532933235168
27536,0.5007044672966003
52622,0.5005093216896057
99130,0.5004951357841492
34826,0.5006085634231567
13530,0.5006110668182373
54219,0.49713629484176636
75359,0.5002475380897522
27285,0.5004099607467651
22077,0.5006835460662842
90788,0.5004040002822876
104322,0.5001552700996399
32897,0.5009396076202393
55677,0.5004303455352783
42319,0.5001168251037598
92559,0.5008831024169922
29282,0.5007339119911194
65013,0.500548779964447
4817,0.5006664395332336
37540,0.5003928542137146
68712,0.5000994801521301
56007,0.5008739233016968
47616,0.4989023506641388
79058,0.5006327033042908
81738,0.5009867548942566
100015,0.49994373321533203
54572,0.49968406558036804
49533,0.5005567669868469
101178,0.5005725026130676
95017,0.5005972385406494
105751,0.5006899833679199
78944,0.5010053515434265
2093,0.5008982419967651
105969,0.5000895857810974
104250,0.5010662078857422
83042,0.5004224181175232
1065,0.5006151795387268
37529,0.5003913044929504
13780,0.5006899237632751
46453,0.5004462003707886
64631,0.5002012252807617
20384,0.5003908276557922
47912,0.4995288550853729
18,0.5003868341445923
77554,0.49981051683425903
15582,0.5005249977111816
99666,0.49928030371665955
79962,0.5001397132873535
57979,0.5005298852920532
781,0.5008654594421387
65466,0.5000947713851929
95252,0.5004675388336182
32661,0.5004550814628601
51127,0.5004549622535706
17798,0.49606800079345703
39908,0.5007972121238708
25867,0.5006733536720276
21529,0.5001519322395325
28279,0.5004468560218811
11637,0.5004539489746094
64726,0.5006826519966125
74392,0.5003315806388855
15857,0.5000927448272705
97309,0.5005157589912415
37463,0.5008267760276794
32071,0.500835657119751
21323,0.5003579258918762
26312,0.5006274580955505
71930,0.5006012916564941
3492,0.5005425214767456
65456,0.5007137060165405
96936,0.5003529787063599
76724,0.5004659295082092
10868,0.5003955364227295
82591,0.5004659295082092
35387,0.5003557801246643
38546,0.50093674659729
89839,0.5006980299949646
14754,0.5007182359695435
48921,0.500556230545044
5482,0.5006832480430603
105128,0.49575212597846985
31526,0.5007914304733276
93278,0.5004957318305969
37389,0.5006185173988342
85513,0.5007210373878479
71873,0.5003072619438171
14912,0.5004693865776062
81004,0.5000891089439392
43896,0.5007681846618652
14272,0.5005080103874207
10717,0.500554084777832
64257,0.500841498374939
11434,0.5003740787506104
66130,0.5005658268928528
35204,0.5005887746810913
54695,0.5004597306251526
14350,0.5007271766662598
100672,0.5006169080734253
3169,0.5005485415458679
82931,0.5004472136497498
92433,0.5006831288337708
24263,0.5003812909126282
14767,0.5005862712860107
10604,0.5009427666664124
100318,0.5000311732292175
75663,0.5004375576972961
43684,0.5006610751152039
30373,0.5006524324417114
17867,0.5004250407218933
33900,0.5002439618110657
29003,0.5005854964256287
33694,0.5004502534866333
84087,0.5001290440559387
29852,0.5008708238601685
63545,0.5009028315544128
62292,0.5005491971969604
57258,0.5004343390464783
95073,0.5003612041473389
50685,0.5010402798652649
104221,0.5008454918861389
51911,0.500501811504364
48975,0.5004216432571411
58430,0.5011642575263977
63383,0.5006412863731384
35526,0.5006306171417236
64270,0.5006721019744873
23285,0.4996606111526489
89158,0.5000126957893372
77528,0.5009075999259949
38446,0.5006800889968872
19382,0.5009551048278809
17453,0.5009792447090149
39175,0.5006516575813293
102238,0.500914990901947
85718,0.5007593631744385
24010,0.5004926919937134
54821,0.5007230639457703
13440,0.49992406368255615
11394,0.5001598596572876
23805,0.500706136226654
43147,0.4912399649620056
1333,0.5006004571914673
1639,0.5008598566055298
37376,0.5005671381950378
63387,0.5008981823921204
23614,0.5011255145072937
32136,0.5000812411308289
49294,0.5004007816314697
13594,0.5006616115570068
42326,0.5004242062568665
82587,0.5001152157783508
62487,0.500210702419281
61281,0.5007748007774353
1204,0.5004794001579285
85035,0.5006850361824036
63270,0.500735878944397
54681,0.5007104873657227
38823,0.5003302693367004
88510,0.5005276203155518
73301,0.500119686126709
97118,0.5006303787231445
56486,0.5000705122947693
70896,0.5005335807800293
9348,0.5006644129753113
103274,0.5003096461296082
33539,0.5006557703018188
91382,0.49992048740386963
42087,0.5003548264503479
38095,0.4994090497493744
37681,0.5003184676170349
8143,0.5009725689888
19535,0.5003703832626343
100274,0.5005213022232056
47783,0.5002797842025757
63781,0.5006078481674194
96617,0.5010436773300171
75551,0.5003641247749329
17255,0.5008746385574341
53787,0.5005456805229187
635,0.5008684992790222
85183,0.5006749629974365
103397,0.500402569770813
82756,0.5004193186759949
100666,0.5005226135253906
50949,0.5006242394447327
28357,0.5006504058837891
45721,0.5004498958587646
56031,0.5005332827568054
28691,0.5002965927124023
16837,0.5001240372657776
5685,0.500770628452301
92766,0.49963852763175964
46208,0.5003898739814758
39047,0.5006717443466187
6910,0.5000906586647034
70669,0.5006178021430969
49926,0.5006022453308105
67684,0.5005753636360168
22819,0.5005281567573547
64125,0.5004552006721497
15652,0.5002756118774414
23464,0.4967724084854126
29177,0.5000521540641785
35062,0.5008912086486816
68536,0.5006745457649231
51118,0.5005061030387878
90260,0.500766396522522
60622,0.5005321502685547
72104,0.5010092258453369
7291,0.5000323057174683
68799,0.5005165934562683
26509,0.5001094341278076
96133,0.5006239414215088
64710,0.5006634593009949
34161,0.500748872756958
4172,0.5007880330085754
26504,0.5003989338874817
42383,0.500318169593811
48827,0.5005923509597778
62023,0.500999391078949
53381,0.5004413723945618
42672,0.5004889965057373
40352,0.4980352520942688
98188,0.5000799298286438
55579,0.5005130767822266
95699,0.5007584095001221
22073,0.500460147857666
7510,0.5009510517120361
61926,0.5008522868156433
12524,0.5005699396133423
30272,0.5005226731300354
84597,0.5004861950874329
82478,0.5008434057235718
64991,0.5005970597267151
33087,0.5006858110427856
102366,0.49996012449264526
83565,0.5003895163536072
83122,0.5005850195884705
52131,0.5008607506752014
910,0.49997222423553467
5111,0.5007588863372803
54693,0.5005922913551331
98190,0.5006534457206726
10111,0.5000482797622681
37371,0.5006727576255798
34857,0.5004998445510864
14501,0.5004600882530212
36005,0.5004956126213074
25749,0.5004510879516602
78921,0.501036524772644
44951,0.5009250640869141
14333,0.49804478883743286
83840,0.5006995797157288
27079,0.5004987120628357
13278,0.4983904957771301
23037,0.5001521110534668
67764,0.5003806352615356
15310,0.5006793141365051
94802,0.4995863735675812
87951,0.5005455017089844
78943,0.500397264957428
97872,0.5004454851150513
81410,0.5005249381065369
50882,0.5006164312362671
27223,0.5007625222206116
65094,0.5001211762428284
78051,0.5004965662956238
70230,0.5004396438598633
14759,0.5005257725715637
59979,0.5003514289855957
43844,0.5007641911506653
79018,0.5007314682006836
27232,0.5008572936058044
26744,0.5005937814712524
42401,0.5008065700531006
78332,0.5003477334976196
76194,0.5005568861961365
384,0.5006744265556335
63682,0.5006993412971497
49119,0.5011343955993652
54063,0.5006431937217712
64585,0.5003249049186707
79519,0.5009953379631042
51401,0.5004852414131165
30357,0.500850260257721
13880,0.5006185173988342
58055,0.5008882880210876
45641,0.5009738206863403
21988,0.5004963278770447
54004,0.5008334517478943
24290,0.5005499720573425
77273,0.5001199245452881
76128,0.5004523992538452
65644,0.49855056405067444
79017,0.5006647706031799
101808,0.5002074837684631
99951,0.4975992739200592
60253,0.5002536177635193
94900,0.5007064938545227
48007,0.5007203817367554
98057,0.5003641843795776
47744,0.5007361769676208
98823,0.5003514885902405
101068,0.5006625652313232
102961,0.4999271631240845
74087,0.5006728172302246
7420,0.5003822445869446
70975,0.5003877878189087
105748,0.500596284866333
42214,0.500696063041687
13477,0.500929594039917
104778,0.5009523630142212
43685,0.5005044341087341
100408,0.5003882050514221
51947,0.5004990100860596
75354,0.5002501010894775
15888,0.5010355114936829
33178,0.5003246665000916
101604,0.5005374550819397
11544,0.5000964999198914
58903,0.5007812976837158
41792,0.5005287528038025
93189,0.5006807446479797
41555,0.5006210207939148
79590,0.5007380843162537
3426,0.5008044242858887
25278,0.5006795525550842
25008,0.5008687973022461
81536,0.5002930164337158
95607,0.4987567067146301
98558,0.50014328956604
48761,0.5005605816841125
11198,0.5010642409324646
2451,0.5009188055992126
46648,0.5009267330169678
51384,0.5003122687339783
62978,0.5010541677474976
27721,0.49865609407424927
64172,0.5005543828010559
77418,0.500465452671051
72441,0.5004733800888062
29063,0.5001947283744812
18090,0.5001179575920105
2491,0.49991917610168457
70301,0.5004701614379883
52348,0.5008462071418762
82167,0.5004196763038635
32365,0.499385803937912
6896,0.5011656880378723
54908,0.5006856322288513
50459,0.5003262162208557
60554,0.5004221200942993
17023,0.5004729628562927
65066,0.500795841217041
66344,0.5002895593643188
37911,0.5002272725105286
22161,0.5003880262374878
30356,0.5002960562705994
60676,0.499776154756546
31531,0.5008943676948547
4843,0.5006855726242065
99733,0.5007410049438477
83507,0.5005073547363281
82773,0.5005928874015808
74473,0.5006950497627258
88188,0.4968234598636627
88215,0.50068598985672
63735,0.5008656978607178
70619,0.50087970495224
61200,0.5005419254302979
30655,0.5008835792541504
65913,0.5004957318305969
54326,0.5005937814712524
56131,0.5010414719581604
58175,0.5009437799453735
98975,0.4912465214729309
94819,0.5006501078605652
90301,0.5002990365028381
25780,0.5007493495941162
60452,0.5004767179489136
50411,0.5005145072937012
35018,0.5006816387176514
73380,0.5012165307998657
17467,0.5003712177276611
3094,0.4999504089355469
9738,0.5009915828704834
44418,0.5007568001747131
84598,0.5007930397987366
93058,0.5003333687782288
101249,0.49999427795410156
3313,0.5004988312721252
98711,0.5008395910263062
27602,0.5006278157234192
49587,0.5011605620384216
80445,0.5006744861602783
39073,0.5004907250404358
77240,0.5000802278518677
64521,0.5007413625717163
14191,0.5005999207496643
84975,0.5011464357376099
41952,0.5004289150238037
26320,0.5007866621017456
4556,0.5008058547973633
15168,0.5006413459777832
26457,0.5005298852920532
59345,0.500609815120697
29189,0.5003858208656311
71307,0.5010313987731934
71078,0.5006687641143799
3900,0.5007460713386536
22304,0.5008360147476196
38231,0.5008635520935059
81720,0.5000419616699219
81431,0.5007588863372803
583,0.5005279779434204
53552,0.49541789293289185
84043,0.5007219910621643
16175,0.5005959272384644
34979,0.4997250735759735
64150,0.5009112358093262
75806,0.500467836856842
93116,0.5005611181259155
29562,0.5009074211120605
28371,0.5000869035720825
69331,0.49487707018852234
44586,0.5000495910644531
91778,0.5005775690078735
99087,0.500522255897522
36336,0.5007515549659729
76742,0.5007684230804443
103873,0.500722348690033
41887,0.5009843707084656
36456,0.500640332698822
8347,0.5005438327789307
105701,0.5007282495498657
18727,0.5008063316345215
48456,0.5003988742828369
67345,0.5004838705062866
18115,0.5006649494171143
88646,0.5007902979850769
16889,0.500467836856842
12294,0.4950096607208252
83601,0.5007889270782471
73687,0.5004972815513611
51259,0.5003234148025513
69885,0.5006903409957886
45997,0.5006575584411621
65402,0.5009114742279053
24272,0.5006547570228577
26111,0.5005021691322327
14340,0.5003706812858582
106932,0.5004907250404358
10072,0.5005631446838379
42275,0.5004724860191345
12585,0.4999641180038452
19345,0.5012006163597107
51382,0.500654399394989
17188,0.5008491277694702
61288,0.5008140802383423
83262,0.5006570816040039
86120,0.5004576444625854
71597,0.5004839897155762
56009,0.500860869884491
23672,0.49990513920783997
87182,0.5006166696548462
30917,0.500927746295929
45016,0.5004558563232422
27513,0.5005457997322083
23688,0.5001214742660522
91552,0.5005016922950745
36671,0.5005570650100708
61761,0.5003963112831116
85490,0.5006142854690552
102143,0.500567615032196
4545,0.5005232691764832
25878,0.5005612969398499
40704,0.5003411769866943
88727,0.5003829002380371
21689,0.5002976059913635
53724,0.5004167556762695
23022,0.5000792145729065
77592,0.5004986524581909
77918,0.5008847117424011
94200,0.5004975199699402
37600,0.5001335144042969
43202,0.4998827278614044
75128,0.5003581643104553
47481,0.5008602142333984
80803,0.5004737377166748
97638,0.5005761981010437
67851,0.50080406665802
69733,0.5012694597244263
96141,0.5000997185707092
72491,0.4996255934238434
77467,0.5004722476005554
61997,0.5001895427703857
34472,0.499839723110199
69452,0.500486433506012
105256,0.500677764415741
38288,0.5007286667823792
61579,0.5008968114852905
81861,0.5007848143577576
91388,0.500152587890625
66355,0.5001370310783386
9772,0.5004938840866089
91345,0.5006728172302246
89020,0.5005713701248169
47843,0.5002564191818237
40239,0.5006382465362549
7984,0.5002763867378235
12457,0.5000575184822083
48634,0.5006998181343079
54494,0.5007954239845276
36007,0.5006763339042664
13859,0.5005365014076233
104132,0.5006598234176636
106444,0.5004115104675293
77743,0.5004637241363525
12930,0.5008519291877747
75523,0.5013317465782166
74575,0.5002347230911255
87066,0.5004889369010925
72953,0.5009129643440247
75330,0.5012181401252747
35634,0.5008348226547241
32681,0.5006850957870483
54719,0.5007541179656982
11158,0.5007678270339966
59927,0.500239908695221
104545,0.49974656105041504
40117,0.500629723072052
61413,0.5006850957870483
21715,0.5003818869590759
32714,0.5006604790687561
24981,0.5009333491325378
35347,0.5009176135063171
93329,0.500551164150238
62636,0.5005903244018555
81546,0.5004284381866455
98273,0.5004967451095581
7217,0.500494122505188
93418,0.5004174113273621
37177,0.4996996521949768
64677,0.500755250453949
17229,0.5007289052009583
97054,0.5007743239402771
79937,0.5007982850074768
54263,0.5006533265113831
71751,0.5002924203872681
82528,0.5009312629699707
72064,0.5006908774375916
79587,0.5004362463951111
28466,0.5004977583885193
78377,0.5007550120353699
46316,0.5006147623062134
36085,0.5002423524856567
17461,0.5005667209625244
68795,0.5009095072746277
92838,0.5004740953445435
7155,0.5009292364120483
18487,0.5005344152450562
66346,0.500475287437439
99,0.5005338191986084
101572,0.5011666417121887
89347,0.500820517539978
68407,0.5008661150932312
49849,0.5005472302436829
33062,0.5005552768707275
57697,0.5009874701499939
43349,0.5005289316177368
83428,0.5005778670310974
105864,0.5003859996795654
15474,0.5005202889442444
27327,0.5005378723144531
81606,0.5005763173103333
46310,0.5004690289497375
7460,0.5005090832710266
13550,0.5005557537078857
101547,0.5006967186927795
37085,0.5005064606666565
90070,0.5010323524475098
21549,0.500679612159729
20421,0.5004780888557434
85729,0.5005176067352295
94349,0.5011628866195679
97059,0.5006139278411865
74765,0.5006967782974243
13726,0.5006155967712402
337,0.5005100965499878
51845,0.4987058937549591
58858,0.5012102723121643
46319,0.5003261566162109
55111,0.49988648295402527
11656,0.5005110502243042
78676,0.5006317496299744
60093,0.5007913112640381
91884,0.5006063580513
51111,0.5011151432991028
17141,0.5006802082061768
58149,0.5011125802993774
61320,0.5005083680152893
1131,0.5003000497817993
22772,0.5002855658531189
43664,0.501028299331665
43501,0.5009573101997375
81414,0.5003308653831482
52958,0.49802514910697937
89750,0.5004935264587402
83877,0.5007246136665344
65308,0.4998997151851654
9200,0.5007085800170898
23749,0.5005773305892944
13672,0.5002725720405579
74683,0.5006730556488037
53904,0.5003957152366638
105146,0.5011099576950073
40098,0.5005143880844116
54660,0.5004960298538208
93339,0.5003552436828613
106801,0.5010449886322021
26778,0.5005019903182983
72106,0.500197172164917
20868,0.5006659626960754
75989,0.5006682276725769
105541,0.5003504157066345
13843,0.5004897117614746
98710,0.5004521012306213
48313,0.500416100025177
31664,0.5013030171394348
19568,0.500546395778656
47754,0.500461220741272
96276,0.500560462474823
95056,0.5007147192955017
92257,0.49983781576156616
85089,0.49027517437934875
20080,0.5005130767822266
52366,0.5007553696632385
43572,0.5005021691322327
29109,0.5007296204566956
52191,0.500842809677124
62260,0.5001452565193176
47485,0.5005514621734619
52129,0.5006616115570068
59497,0.5005136728286743
73830,0.5001758933067322
27949,0.5004995465278625
16537,0.5005962252616882
84391,0.500636100769043
54134,0.5008002519607544
13467,0.5007609128952026
86868,0.5008772015571594
95993,0.500325620174408
60827,0.5006725192070007
68151,0.5000637173652649
57843,0.5004560947418213
2809,0.5001857280731201
46015,0.5006374716758728
20238,0.500611424446106
106281,0.5005650520324707
50264,0.49845993518829346
73468,0.5008009672164917
15834,0.5005562901496887
72045,0.5007942318916321
56366,0.5005589723587036
9996,0.500408411026001
100234,0.5004564523696899
36929,0.5005412101745605
68444,0.49997299909591675
563,0.499950647354126
80583,0.501103401184082
103138,0.5005069375038147
65733,0.501004695892334
32278,0.49979540705680847
88389,0.5007845759391785
56450,0.5010181665420532
29640,0.5005620121955872
101098,0.5005178451538086
89131,0.5009313225746155
102285,0.5004943013191223
1174,0.5003491640090942
86355,0.49995362758636475
68228,0.5005865693092346
49846,0.5006281733512878
107146,0.5008143782615662
7072,0.5005660057067871
56520,0.5004265904426575
73045,0.5008652210235596
28365,0.5007920265197754
68322,0.5007811784744263
102037,0.5010275840759277
18716,0.5004404187202454
67893,0.5001136064529419
81841,0.5005835294723511
38298,0.5004962086677551
90742,0.5004282593727112
72516,0.5005183815956116
37424,0.500790536403656
40673,0.5004916787147522
105362,0.5003897547721863
64238,0.5001949667930603
35480,0.4999338388442993
84378,0.5007538199424744
2635,0.5005198121070862
63605,0.5002657771110535
45588,0.4960571527481079
46577,0.5003862380981445
99481,0.5006424188613892
808,0.5005913972854614
36596,0.5009611248970032
60836,0.5008341073989868
27095,0.500157356262207
78127,0.500312089920044
32525,0.5008583664894104
102468,0.5008090734481812
8884,0.5005843043327332
16939,0.5006732940673828
88921,0.5007836222648621
67854,0.5005244016647339
88238,0.5007308721542358
39425,0.5004262924194336
23801,0.5008764863014221
4572,0.5006536245346069
56382,0.49998176097869873
11124,0.5004677772521973
45994,0.5004627704620361
85602,0.5005622506141663
104776,0.5003694295883179
49788,0.5009415745735168
29069,0.5004674792289734
75167,0.5005823969841003
64727,0.5000981092453003
36990,0.5008038282394409
8472,0.5004624128341675
21020,0.5009728670120239
22816,0.5007647275924683
15066,0.5003736615180969
13058,0.4999766945838928
38179,0.5008196830749512
42100,0.5004662275314331
89612,0.5006414651870728
64576,0.5005446076393127
106162,0.5006946921348572
20322,0.500745952129364
2401,0.500495970249176
9479,0.5007607936859131
12406,0.500858724117279
26699,0.5007818937301636
56948,0.5005689859390259
9085,0.5006681680679321
84168,0.5007452964782715
102128,0.500662624835968
453,0.49677935242652893
66887,0.5008925199508667
88581,0.500248908996582
11297,0.5009244680404663
23061,0.5007573962211609
35290,0.5007815361022949
79126,0.5009137392044067
100424,0.5008407235145569
99590,0.5008602738380432
79363,0.4962293207645416
14879,0.5006685853004456
63376,0.5003166198730469
28444,0.5003709197044373
1687,0.500312089920044
2805,0.49982506036758423
86217,0.5004348158836365
91622,0.5007151961326599
74692,0.500618040561676
22137,0.5007336735725403
55905,0.49994957447052
16878,0.5007021427154541
104755,0.5007776618003845
53967,0.5009523630142212
10164,0.5001819133758545
75949,0.49996912479400635
58759,0.5004173517227173
52757,0.5003509521484375
50056,0.500726044178009
24815,0.5011053085327148
103539,0.5007967352867126
102891,0.5008412003517151
105114,0.4988773763179779
4702,0.5004734992980957
1300,0.50058913230896
58992,0.500607967376709
70748,0.5005714297294617
21924,0.5006983876228333
62586,0.500561535358429
69942,0.5010067224502563
64693,0.5007677674293518
72381,0.500282347202301
44443,0.5006189942359924
61988,0.5003466606140137
69769,0.5004821419715881
83105,0.5004950165748596
70937,0.5005004405975342
102976,0.5009839534759521
34980,0.500494658946991
102923,0.5005335211753845
67750,0.5003448724746704
89720,0.500152587890625
50254,0.5005860328674316
61340,0.5009797811508179
105000,0.5007492899894714
78651,0.501060426235199
37221,0.49945390224456787
74552,0.49912118911743164
20119,0.5004909634590149
49309,0.5005507469177246
53555,0.5001221895217896
69286,0.5005704164505005
20397,0.5000366568565369
42406,0.5005155801773071
27295,0.5004149675369263
89123,0.5003621578216553
8632,0.5008425116539001
56707,0.49989941716194153
14260,0.5006140470504761
23663,0.5006588101387024
30928,0.5005791783332825
78074,0.5001206398010254
6546,0.5005372762680054
6852,0.500665545463562
73970,0.5006027817726135
44144,0.5002076029777527
19404,0.5000945925712585
60135,0.5004716515541077
59957,0.5007338523864746
88442,0.49820756912231445
44843,0.5006012320518494
96970,0.5004978775978088
31533,0.5005785822868347
23234,0.5005934834480286
29494,0.5008332133293152
58974,0.500527024269104
85477,0.4986400604248047
13687,0.5006884336471558
3528,0.5005963444709778
86408,0.5004931688308716
12633,0.5008395910263062
53912,0.5005675554275513
23436,0.500597357749939
36474,0.5004649758338928
9368,0.5010806322097778
10622,0.5008856654167175
60229,0.5006880164146423
57535,0.5006067752838135
18260,0.5009035468101501
100375,0.5006663203239441
6719,0.5008504390716553
84698,0.5009894967079163
77211,0.5008866786956787
76173,0.500630795955658
98124,0.500457763671875
64226,0.5007414221763611
42597,0.5005761384963989
20593,0.499994158744812
91129,0.5009499788284302
28266,0.500634491443634
64792,0.5004962086677551
64536,0.5005822777748108
23351,0.5004549622535706
34599,0.5004799365997314
60849,0.5007047653198242
75638,0.5006517171859741
8952,0.5002012848854065
17746,0.5006589889526367
90900,0.5005237460136414
3670,0.5008056163787842
101865,0.500315248966217
4530,0.5004503130912781
65170,0.5009326338768005
9744,0.490310937166214
39873,0.5008471012115479
91786,0.5007646083831787
57820,0.5009686350822449
91877,0.5003944635391235
40613,0.500777542591095
84749,0.5005531311035156
25907,0.5003473162651062
37232,0.5002551674842834
6210,0.5001928806304932
7938,0.500458300113678
95412,0.4999856948852539
44476,0.5005735158920288
31793,0.500617265701294
84765,0.5002705454826355
64213,0.5004909038543701
28955,0.5005409121513367
18364,0.5004761815071106
38157,0.5004972815513611
106432,0.49227869510650635
32546,0.49346494674682617
35523,0.5007874369621277
24024,0.5011249780654907
96602,0.500146746635437
45276,0.5005003213882446
8780,0.500559389591217
3428,0.5008513331413269
88887,0.5006352066993713
85306,0.5006143450737
51200,0.5004801154136658
9741,0.5005874633789062
105941,0.5004972219467163
101835,0.5007903575897217
80754,0.5004462003707886
51816,0.5006069540977478
13724,0.500862181186676
28720,0.5006645917892456
64272,0.49991169571876526
105788,0.4954581558704376
67220,0.5007001161575317
60928,0.5009387135505676
58158,0.5006791949272156
16293,0.5005332827568054
13608,0.4970782995223999
37565,0.500058650970459
2344,0.5005512237548828
44877,0.5004809498786926
62709,0.5004945397377014
16477,0.5004388093948364
64979,0.5005890727043152
42339,0.5005792379379272
90112,0.5007294416427612
106386,0.49967727065086365
42538,0.500838577747345
77626,0.4967714548110962
21935,0.5011890530586243
24877,0.5006670355796814
88325,0.5006142258644104
82182,0.5003014802932739
58608,0.5009433627128601
78682,0.5003161430358887
106195,0.5006265640258789
8743,0.5007148385047913
59128,0.5005098581314087
55870,0.5009188055992126
12945,0.500540018081665
65772,0.5005655288696289
38756,0.5005866289138794
58762,0.5004128217697144
59866,0.5001879930496216
79358,0.500565230846405
97545,0.5008421540260315
98879,0.5003970265388489
75144,0.5003858208656311
15726,0.5002847909927368
83258,0.49968859553337097
29722,0.5009487867355347
21225,0.5007145404815674
37385,0.5005608797073364
7776,0.5003763437271118
85049,0.50051349401474
5438,0.5005896091461182
45836,0.500383734703064
93302,0.5006237626075745
103757,0.5006881952285767
31211,0.5006046891212463
41452,0.5007787346839905
101536,0.500564455986023
13279,0.5003162026405334
33464,0.5006728172302246
56130,0.5006675720214844
16350,0.5005026459693909
104573,0.5007513761520386
61257,0.5010266900062561
83150,0.5005061030387878
51218,0.5003424882888794
10030,0.5001067519187927
75294,0.5005566477775574
72392,0.5004702210426331
106535,0.5005754232406616
39072,0.5003871321678162
71774,0.5005467534065247
3813,0.500714898109436
79029,0.5005624294281006
47657,0.5010998845100403
40796,0.5006100535392761
62226,0.4997390806674957
44770,0.49384748935699463
20967,0.5006606578826904
19530,0.501065194606781
64597,0.500373899936676
6049,0.5004973411560059
39893,0.5003948211669922
69451,0.5007592439651489
79504,0.5004457831382751
42596,0.5007551908493042
69849,0.4977812170982361
38319,0.500410795211792
28744,0.5001428127288818
6512,0.5002148747444153
85429,0.49726730585098267
22398,0.5005329847335815
73177,0.4988769590854645
67313,0.5004757046699524
69839,0.5007025599479675
11597,0.49998629093170166
76130,0.500610888004303
18004,0.5006039142608643
91777,0.5009493827819824
37778,0.5001413822174072
42533,0.5004194378852844
14180,0.5004140734672546
31629,0.5008044838905334
38402,0.500318169593811
60267,0.5006335377693176
89185,0.5003882646560669
8790,0.4999798536300659
92276,0.5005074739456177
37313,0.5007876753807068
89912,0.5004825592041016
32844,0.5004486441612244
51184,0.49926596879959106
79150,0.5005003213882446
25238,0.4998120665550232
25505,0.5003783106803894
39320,0.5006920099258423
92590,0.5005564093589783
35742,0.49928444623947144
54874,0.5008904933929443
51835,0.5006855726242065
101025,0.5009179711341858
32035,0.5009186267852783
104832,0.5005559325218201
96308,0.5006129741668701
89594,0.4975288510322571
51113,0.5007608532905579
97964,0.5003020167350769
73407,0.5002858638763428
18136,0.5009670257568359
20781,0.500250518321991
86581,0.5005331039428711
1141,0.5007878541946411
67867,0.5004705786705017
91354,0.5008066296577454
65023,0.5005474090576172
47815,0.5006434321403503
78565,0.500460684299469
60513,0.500569760799408
103024,0.5011343955993652
100646,0.5008336901664734
17208,0.500702440738678
57658,0.5006651878356934
26741,0.5006003975868225
26804,0.49935686588287354
50177,0.5005280375480652
41831,0.5004326701164246
30193,0.5005381107330322
25632,0.5001193284988403
65114,0.5004666447639465
75884,0.5006663203239441
91701,0.5004315972328186
63329,0.5010063648223877
78493,0.500033974647522
50302,0.5007261037826538
39297,0.5005760788917542
86271,0.5007827281951904
93965,0.5001376271247864
93018,0.5006333589553833
89674,0.5006705522537231
32657,0.5004137754440308
69309,0.5007404685020447
739,0.4997333586215973
52481,0.5006873607635498
99104,0.500872790813446
69591,0.5008531212806702
47162,0.500561535358429
43009,0.5008493661880493
38346,0.5004734992980957
10816,0.5005226135253906
72013,0.5005230903625488
78283,0.5002622008323669
41660,0.500267505645752
1166,0.500321090221405
39181,0.5012151002883911
59263,0.5002378821372986
104487,0.5001562833786011
91734,0.5005936026573181
86175,0.49990859627723694
76412,0.5004974007606506
20616,0.5009734630584717
7844,0.5003365278244019
4995,0.5005868673324585
27159,0.5005505681037903
78130,0.5011824369430542
104326,0.5008635520935059
44435,0.5001633167266846
84988,0.5004761815071106
13069,0.5010891556739807
15486,0.5006359219551086
76480,0.5006198883056641
94250,0.5010321736335754
1856,0.5007607936859131
37078,0.5005033016204834
32927,0.4992064833641052
101015,0.5006247162818909
14773,0.5008357763290405
89981,0.5009991526603699
52854,0.5011783838272095
41491,0.5005653500556946
63546,0.5007426738739014
23877,0.5004827380180359
2149,0.5008391737937927
9083,0.5005367398262024
78774,0.5005409717559814
99819,0.5005581974983215
61787,0.5007021427154541
66605,0.5010629296302795
8298,0.5008466243743896
42299,0.5006924271583557
4249,0.5005398392677307
25742,0.5004996061325073
16651,0.5005195736885071
84877,0.5004291534423828
37553,0.5004908442497253
18573,0.5005936026573181
80133,0.5007129907608032
84558,0.5005014538764954
50562,0.5004600882530212
11790,0.500587522983551
66033,0.5001910924911499
11819,0.4996926784515381
6828,0.5004875063896179
46362,0.5002994537353516
1047,0.5002497434616089
34500,0.5008885860443115
47127,0.5008255839347839
23736,0.5006223917007446
60737,0.5005128979682922
4594,0.4999806880950928
29273,0.5006435513496399
46532,0.5005403757095337
6737,0.5005750060081482
23304,0.500566840171814
29593,0.5005655288696289
61846,0.5004862546920776
104922,0.5006905198097229
87475,0.5001115798950195
7027,0.500596284866333
87211,0.5003108382225037
18614,0.49925628304481506
94606,0.5008729696273804
106394,0.5006037950515747
17033,0.5007693767547607
46062,0.500199556350708
83179,0.5008893609046936
44306,0.5006581544876099
3022,0.500555157661438
39701,0.5006981492042542
86774,0.5003860592842102
35156,0.5001384019851685
81341,0.5006733536720276
83819,0.5008298754692078
70455,0.5007247924804688
53485,0.5011406540870667
23025,0.5002184510231018
4129,0.5006090402603149
95738,0.5005274415016174
19184,0.4941742420196533
15154,0.5004342198371887
61594,0.5005233287811279
103597,0.5004308819770813
64491,0.5005059242248535
23899,0.5010288953781128
31417,0.5001078248023987
61755,0.5005494952201843
34455,0.5005801916122437
94925,0.5003731846809387
91768,0.5005419850349426
12323,0.5004743337631226
72970,0.5005924105644226
27442,0.5005280375480652
30731,0.5003371834754944
102947,0.5008131265640259
10048,0.5003196001052856
7261,0.5009644031524658
37831,0.5005499720573425
61159,0.5007781386375427
100500,0.5005893707275391
66747,0.5003171563148499
22855,0.500408411026001
29650,0.5005055665969849
96881,0.5005366206169128
47013,0.5009533762931824
19585,0.5006259679794312
30273,0.5005212426185608
91628,0.5006755590438843
79418,0.5007529854774475
72730,0.5008349418640137
84753,0.5005218982696533
97421,0.5005094408988953
45767,0.5007327795028687
9679,0.5005406737327576
88797,0.500623881816864
1492,0.5003868341445923
55280,0.5004762411117554
9098,0.5005251169204712
101671,0.5005994439125061
89413,0.5008383393287659
84730,0.5006868243217468
79999,0.5002176761627197
30862,0.500913143157959
35416,0.5009371042251587
46917,0.5004844665527344
92930,0.5006797909736633
58243,0.500389814376831
100799,0.5005875825881958
60694,0.5004262328147888
71555,0.5010515451431274
19179,0.4874778687953949
50184,0.5007265210151672
5008,0.5009902119636536
17878,0.5011023283004761
81669,0.5007562041282654
77718,0.5005679130554199
39440,0.5001673102378845
4895,0.5006957054138184
71071,0.4913249909877777
21702,0.5003975629806519
87491,0.5003701448440552
65486,0.5005771517753601
25309,0.5005307197570801
42323,0.5004024505615234
48639,0.5006961226463318
73967,0.5008338093757629
65998,0.500730037689209
23198,0.500403106212616
82664,0.5009617805480957
26094,0.500847339630127
37411,0.5005478858947754
65951,0.49598070979118347
35218,0.49992531538009644
35957,0.5005584955215454
84554,0.5003983974456787
61197,0.4996742904186249
61094,0.5009239315986633
26711,0.5009765625
59195,0.5003747344017029
49121,0.500379741191864
40914,0.5005569458007812
47302,0.5004632472991943
98853,0.50045245885849
103900,0.500191330909729
64853,0.5005054473876953
2554,0.5004302859306335
92599,0.5007321834564209
25802,0.4993158280849457
99452,0.4880489706993103
55109,0.5004310607910156
21922,0.5001920461654663
93639,0.5008174180984497
99499,0.49994349479675293
75518,0.5000908970832825
30710,0.5007847547531128
70028,0.5001018047332764
101769,0.5001507997512817
37794,0.5007085204124451
96543,0.500076949596405
47526,0.5002538561820984
23159,0.5009317398071289
40146,0.5004733800888062
94847,0.5008531808853149
53362,0.5005679726600647
14037,0.500706672668457
37453,0.5004796385765076
5647,0.5006252527236938
14673,0.5005710124969482
106600,0.5005086064338684
73748,0.5003032684326172
80308,0.5004743337631226
19383,0.5003365874290466
55496,0.5005218982696533
9225,0.5004706382751465
106906,0.5005454421043396
75394,0.5004156231880188
88551,0.5009204149246216
37699,0.5003021955490112
39763,0.501350462436676
70482,0.5006887316703796
25050,0.5003713965415955
17857,0.5005975961685181
58429,0.5001648664474487
49416,0.5006980299949646
61552,0.5008321404457092
49623,0.5009052157402039
44617,0.500159502029419
27909,0.5007860660552979
24871,0.5008874535560608
20942,0.5005422234535217
103516,0.5006308555603027
69077,0.5004391670227051
15187,0.5005906224250793
3968,0.5006615519523621
46406,0.5008147954940796
95105,0.5004065036773682
49338,0.500679612159729
64276,0.5006056427955627
4821,0.4958348870277405
40021,0.5006540417671204
83326,0.5005596280097961
42177,0.5009365081787109
70199,0.5005876421928406
48119,0.500605583190918
13343,0.500552773475647
11053,0.5006698369979858
11870,0.5009866952896118
35640,0.5005241632461548
43612,0.5009515285491943
81628,0.5008329153060913
37574,0.5000579953193665
33387,0.5005905032157898
3627,0.5007453560829163
83186,0.5005773901939392
99491,0.5003926157951355
59700,0.5007645487785339
16223,0.5008532404899597
64126,0.500552773475647
42160,0.5006330609321594
69097,0.5008866190910339
102364,0.5005499720573425
68107,0.500429630279541
8108,0.500650942325592
22927,0.5002968907356262
59791,0.5007187128067017
100302,0.500156819820404
61388,0.4996292293071747
57499,0.5004329681396484
106814,0.5000833868980408
46493,0.5006723999977112
101988,0.5005718469619751
3718,0.5004717111587524
97345,0.5001612901687622
44816,0.5004996657371521
15636,0.5004848837852478
14332,0.5007227659225464
20814,0.49972501397132874
9395,0.5006076693534851
29142,0.500415563583374
44552,0.5004572868347168
49858,0.5006545782089233
23478,0.5005338788032532
101156,0.5005425810813904
17780,0.5005333423614502
40135,0.5005651712417603
90279,0.5005244612693787
9595,0.5005396008491516
11287,0.5007402896881104
52334,0.5006795525550842
45378,0.5003703236579895
60285,0.5001571178436279
104931,0.5003897547721863
20338,0.5006807446479797
14294,0.5005730390548706
81500,0.5007709860801697
26366,0.5010004639625549
15562,0.5005818605422974
77960,0.5004130601882935
61174,0.5002740025520325
12765,0.49930283427238464
93396,0.49621647596359253
32026,0.5005425214767456
77586,0.5005911588668823
10668,0.5007909536361694
84486,0.5006250143051147
98561,0.5004293322563171
15057,0.5001488327980042
62129,0.5003142952919006
46701,0.500664472579956
35331,0.5002195239067078
3820,0.5005741715431213
21476,0.500459611415863
81388,0.5006417036056519
65518,0.5000817179679871
25936,0.5007169246673584
58641,0.49954813718795776
39010,0.5004801750183105
10723,0.5005190968513489
28862,0.5008161067962646
59404,0.5008369088172913
51779,0.500531017780304
60999,0.5005540251731873
55446,0.5006314516067505
82958,0.4993021786212921
103671,0.5007709860801697
70579,0.5004931688308716
21621,0.5001844167709351
40399,0.5006079077720642
66405,0.5000261068344116
40122,0.5002596974372864
105767,0.5008319020271301
67391,0.5002960562705994
31052,0.5003359913825989
6398,0.5007244348526001
66954,0.5007370710372925
99686,0.5007904767990112
14802,0.5008218884468079
96257,0.5004859566688538
28401,0.5005407333374023
44017,0.5005660653114319
27168,0.5003789663314819
79508,0.5009649991989136
76641,0.5004870295524597
101422,0.5005045533180237
57776,0.5001888275146484
24347,0.5005859732627869
58970,0.5005926489830017
4306,0.5003889203071594
87525,0.5004839897155762
50287,0.5008001923561096
35911,0.5005565881729126
40403,0.5007344484329224
94371,0.5007128119468689
88677,0.5009389519691467
102789,0.49955645203590393
82807,0.5005131363868713
101560,0.49842569231987
102214,0.5006386041641235
92213,0.501264750957489
78847,0.5005612969398499
87625,0.5008906126022339
59098,0.5005382299423218
95200,0.5009151697158813
13169,0.5007294416427612
52736,0.5005773901939392
31036,0.5008031725883484
32733,0.5002834796905518
39585,0.5011234283447266
65224,0.5000198483467102
34555,0.5006072521209717
35503,0.5007588863372803
91563,0.5008045434951782
64642,0.5006253123283386
25351,0.5004610419273376
60263,0.5007438659667969
6918,0.5005682110786438
49218,0.5002954006195068
99645,0.4975038766860962
96340,0.49811434745788574
22938,0.5008559226989746
7914,0.5007111430168152
47223,0.5007141828536987
46877,0.5007936954498291
102108,0.5006740093231201
67497,0.5005316734313965
2800,0.5006600618362427
77619,0.5008444786071777
82667,0.5005249381065369
47138,0.5007777214050293
78393,0.5003420114517212
7564,0.5004993081092834
33316,0.5004522204399109
67518,0.5004787445068359
76570,0.5004833340644836
5453,0.5001417398452759
105472,0.4980880618095398
9,0.5008030533790588
65582,0.5007333159446716
104768,0.5006135702133179
44236,0.5005462765693665
30578,0.5000823140144348
28938,0.500537097454071
38579,0.5010309219360352
95781,0.5007021427154541
44215,0.5003183484077454
41530,0.5008545517921448
5456,0.5003095865249634
75529,0.5010691285133362
82386,0.4991793930530548
54766,0.5005616545677185
2689,0.4999583959579468
90046,0.5004147291183472
72503,0.5004188418388367
96582,0.5009066462516785
37143,0.5006004571914673
49719,0.5008697509765625
11305,0.501249372959137
38853,0.500095009803772
30018,0.5005156993865967
89997,0.5004610419273376
76441,0.5006195306777954
63974,0.500734269618988
5818,0.5009891390800476
93750,0.4985547959804535
103189,0.5004177093505859
16117,0.5004276633262634
101288,0.5000684261322021
78644,0.5006914734840393
85356,0.5005407929420471
6264,0.500223696231842
7677,0.5003646016120911
62883,0.5007308125495911
78514,0.5007625222206116
73040,0.49993419647216797
31444,0.4956660270690918
17921,0.5005196928977966
58623,0.5000572800636292
83516,0.5004545450210571
15353,0.5005932450294495
100110,0.5006295442581177
19879,0.5005326271057129
81914,0.4997042417526245
54921,0.5004679560661316
11156,0.4988473951816559
47710,0.5007715821266174
75545,0.5004676580429077
86014,0.5001526474952698
15013,0.5003304481506348
7602,0.5005629062652588
9536,0.5008321404457092
9037,0.5004111528396606
67680,0.5005876421928406
40930,0.5006083846092224
22323,0.500394344329834
26556,0.4972243309020996
95977,0.5004366636276245
70938,0.5009827017784119
71118,0.500304102897644
65686,0.5008811950683594
13752,0.5004364848136902
74760,0.5001927614212036
4314,0.5006000995635986
59908,0.5002362132072449
43180,0.4995196759700775
36161,0.5006507635116577
77291,0.5005651116371155
74333,0.500402569770813
32013,0.5007120370864868
50705,0.5007556676864624
82354,0.5005183815956116
60823,0.5004887580871582
81132,0.5007956624031067
49721,0.5003181099891663
81135,0.5004388093948364
68556,0.5005455613136292
51109,0.5006251335144043
29436,0.500397801399231
70014,0.5007101893424988
89999,0.5009095072746277
55129,0.500740110874176
57625,0.5005507469177246
72056,0.5003336668014526
30958,0.500686764717102
28837,0.5008609294891357
78812,0.5004938840866089
69050,0.5005150437355042
78026,0.5004181265830994
74753,0.5007461309432983
84865,0.5006889700889587
10850,0.5006612539291382
103364,0.4947063624858856
20843,0.5005097389221191
95753,0.5005614161491394
49437,0.5005306601524353
96961,0.49977895617485046
96265,0.5003166198730469
90957,0.500754714012146
9510,0.5007506608963013
62612,0.5003606677055359
46685,0.5006197690963745
73471,0.5005877614021301
96293,0.5004676580429077
27856,0.5003505349159241
86010,0.5000021457672119
85800,0.5003930330276489
100478,0.4995303452014923
84480,0.5004931092262268
39977,0.5005527138710022
42904,0.5003184676170349
97388,0.5007494688034058
73786,0.5010014176368713
32342,0.5003010034561157
19969,0.5008155107498169
35477,0.4920285642147064
60115,0.4914569556713104
29585,0.5004109144210815
36206,0.5005866289138794
65018,0.5003088116645813
84906,0.5005996823310852
67728,0.5009733438491821
53915,0.5004832744598389
28542,0.5008634924888611
19447,0.5005231499671936
87416,0.5005807280540466
7078,0.5006682872772217
64687,0.5005505681037903
26446,0.5002332925796509
5907,0.5003664493560791
69202,0.5009488463401794
67936,0.5006421804428101
94444,0.50032639503479
52945,0.5006557106971741
33725,0.5006007552146912
17587,0.4945778548717499
41915,0.500900149345398
73767,0.5004675984382629
15216,0.5005049109458923
106363,0.5004458427429199
101703,0.5004966855049133
75411,0.5008758306503296
57804,0.5003743767738342
25148,0.500394344329834
9571,0.5005747675895691
57022,0.5006834864616394
99972,0.5006619095802307
51158,0.5009288191795349
35954,0.5005854964256287
97826,0.5005496740341187
99843,0.5000355243682861
90377,0.5005311965942383
63783,0.5005360245704651
88725,0.5009360909461975
104039,0.5004816651344299
31961,0.5002506375312805
104009,0.5004525780677795
47318,0.5005146861076355
86974,0.5003844499588013
9421,0.5004957318305969
84516,0.5007601380348206
44731,0.5000966787338257
76057,0.5006909370422363
87073,0.5005543231964111
43289,0.500671923160553
100878,0.5000507831573486
4386,0.5001619458198547
38237,0.5009564757347107
75202,0.5008095502853394
101400,0.5006101131439209
107136,0.5007670521736145
30179,0.5005254745483398
36766,0.5008404850959778
56597,0.5007805228233337
37426,0.5008630156517029
67271,0.5008156895637512
37507,0.5008493065834045
33863,0.5010894536972046
102791,0.5006856322288513
61814,0.5006497502326965
66968,0.5002628564834595
15746,0.5008770227432251
69405,0.5008315443992615
81775,0.5007098317146301
10874,0.5005878806114197
80486,0.5004574656486511
80102,0.5004412531852722
31570,0.500739574432373
58348,0.5005183815956116
93731,0.5009036064147949
87697,0.5006776452064514
71238,0.5002950429916382
19955,0.5004023313522339
63568,0.5007750391960144
29279,0.500655472278595
63613,0.5006332397460938
50050,0.5003809928894043
49381,0.5005329251289368
42724,0.500734269618988
3748,0.5000982284545898
103567,0.5008918046951294
14418,0.5007573962211609
92431,0.5003809332847595
89830,0.500243067741394
69665,0.5003445148468018
82270,0.5006123185157776
28942,0.5003915429115295
52103,0.5003154873847961
49028,0.5004394054412842
73933,0.5006688237190247
50783,0.5005567669868469
78350,0.5011358857154846
4902,0.5008324384689331
53013,0.5005079507827759
76554,0.5009255409240723
23980,0.50063157081604
41145,0.5007100701332092
42225,0.5007578134536743
89264,0.5005173683166504
62543,0.5005606412887573
64809,0.5007357001304626
11702,0.500596821308136
55003,0.5002992153167725
94451,0.5008397102355957
56327,0.5007178783416748
81325,0.5007580518722534
39310,0.5005872249603271
58708,0.5008990168571472
97817,0.5010379552841187
53379,0.5006893277168274
79932,0.5002807378768921
63512,0.5008251667022705
20779,0.5007964968681335
95212,0.5006133317947388
59462,0.5005096197128296
87290,0.5007531642913818
11427,0.5004739761352539
62734,0.5008991956710815
32888,0.5006464719772339
28020,0.5007535219192505
107166,0.5003036856651306
34403,0.5005837678909302
39879,0.49828794598579407
42599,0.5000455379486084
65668,0.500396192073822
70872,0.5004858374595642
58351,0.5005324482917786
57847,0.5006466507911682
24231,0.5003623366355896
73322,0.5005013346672058
87567,0.5001881122589111
83106,0.5005894303321838
62857,0.5011284947395325
6190,0.500431478023529
76216,0.5009356737136841
68017,0.5002633929252625
87105,0.5006320476531982
106867,0.4912131428718567
55927,0.5005823969841003
103438,0.5008004903793335
51124,0.5004696249961853
12368,0.500431478023529
86766,0.500386118888855
105444,0.5002498626708984
87040,0.5005359053611755
22916,0.5008505582809448
50027,0.5006492137908936
81159,0.5003055930137634
58672,0.500826358795166
30619,0.5006657838821411
33627,0.5011841058731079
50283,0.5005267858505249
52216,0.500498354434967
59067,0.5003520250320435
14396,0.5006614923477173
11892,0.5005607604980469
16812,0.4996776282787323
5522,0.5006163120269775
1553,0.5005251169204712
68393,0.5007179379463196
56743,0.4999687671661377
96945,0.5006259083747864
46038,0.5000171065330505
57272,0.5005790591239929
90756,0.5009201765060425
52367,0.5003443956375122
106160,0.5003074407577515
90017,0.5006291270256042
3398,0.5002111196517944
9373,0.5005824565887451
105247,0.5006522536277771
90087,0.5007164478302002
69444,0.5006514191627502
17257,0.5002790689468384
35505,0.5005251169204712
81005,0.5004525184631348
44186,0.5001770257949829
13463,0.5007355809211731
46564,0.5006603002548218
79444,0.5006177425384521
99670,0.5005723834037781
11219,0.5005252957344055
57773,0.5006614923477173
8456,0.5004953145980835
68047,0.500008225440979
36885,0.4999661445617676
85280,0.5005231499671936
35496,0.500680685043335
8287,0.5004826188087463
99197,0.5006393790245056
84028,0.5004568099975586
57813,0.5006116032600403
24111,0.5006282329559326
32341,0.5012799501419067
11617,0.5006886720657349
51488,0.500780463218689
54632,0.5007889270782471
92675,0.500321626663208
25288,0.5000181794166565
60316,0.5007703900337219
74303,0.5006353855133057
100457,0.5008382201194763
39057,0.5006955862045288
106818,0.5002126693725586
87856,0.5008811354637146
48380,0.4960528016090393
88962,0.5005398392677307
30684,0.5005629658699036
34006,0.5001143217086792
39375,0.5006640553474426
38271,0.5006372332572937
103594,0.5003690123558044
65919,0.5006821751594543
32465,0.500502347946167
95680,0.5005117654800415
21927,0.5008741617202759
82834,0.5008137822151184
86607,0.500434160232544
23273,0.5004341006278992
86094,0.5006504058837891
39379,0.5005704760551453
59333,0.5006278157234192
89309,0.5006814002990723
36521,0.5005059838294983
20234,0.5005402565002441
42743,0.5002408027648926
50713,0.5001407861709595
50917,0.5008625984191895
56471,0.4977688789367676
50938,0.5008487105369568
98079,0.4985226094722748
45607,0.5004761219024658
99068,0.5010270476341248
32866,0.5008742213249207
86916,0.5006305575370789
21587,0.5007762908935547
92191,0.5009105205535889
103849,0.5006279945373535
38587,0.5001432299613953
72196,0.5006845593452454
6939,0.5006044507026672
27786,0.5003131628036499
34537,0.5006508827209473
58057,0.5006363391876221
70154,0.5005428791046143
91928,0.5002702474594116
40528,0.5003364086151123
12496,0.500730037689209
24646,0.500652015209198
11256,0.5007364749908447
21388,0.5002262592315674
85853,0.5008019208908081
44259,0.4935797452926636
36591,0.5003143548965454
59439,0.5006095767021179
74647,0.5007649064064026
4875,0.5009499788284302
6490,0.5007321238517761
28346,0.5002599954605103
651,0.5004262924194336
1618,0.5007429122924805
13410,0.5010693073272705
106091,0.5000492930412292
57915,0.5005357265472412
28113,0.5004311800003052
71395,0.5005908608436584
96316,0.5005523562431335
13993,0.5003002285957336
49317,0.5004507899284363
45502,0.5004883408546448
93262,0.5006682276725769
17644,0.5005328059196472
52028,0.5005546808242798
103808,0.5010170340538025
20253,0.5002296566963196
22006,0.5009362697601318
80743,0.5006889700889587
93485,0.500669002532959
44777,0.5004595518112183
6100,0.5001391172409058
79220,0.5006523132324219
56337,0.5009190440177917
11203,0.5007086396217346
21197,0.5007693767547607
84879,0.5005306005477905
27735,0.500625729560852
40048,0.50007563829422
21142,0.5006489157676697
17502,0.5008017420768738
74085,0.5006208419799805
104674,0.5005314946174622
43454,0.5005130767822266
55533,0.5008096098899841
10115,0.5008403658866882
4005,0.5006846785545349
38690,0.5005052089691162
76350,0.5005144476890564
33946,0.501373291015625
88651,0.5007614493370056
6441,0.5005376935005188
29013,0.5002751350402832
58126,0.500489354133606
1579,0.5005412697792053
45737,0.5012063980102539
20715,0.5002984404563904
35446,0.5005139708518982
24700,0.5000183582305908
40662,0.5005441308021545
2825,0.49948060512542725
70461,0.5007803440093994
24568,0.5005039572715759
90464,0.5002033114433289
28517,0.5006676912307739
1466,0.5001838207244873
17097,0.500569224357605
30017,0.5003323554992676
55539,0.5006597638130188
59782,0.5001429915428162
71033,0.5006428956985474
64496,0.5005311369895935
40937,0.5003727674484253
94343,0.5006448030471802
10785,0.5009526014328003
57477,0.5010437369346619
88509,0.500862717628479
13448,0.5009822845458984
28448,0.5007200837135315
15736,0.5004432797431946
93766,0.5006017684936523
28790,0.5005598068237305
104620,0.49531248211860657
102286,0.5005171298980713
40916,0.5001652836799622
27594,0.4997777044773102
52570,0.5005608797073364
57700,0.500527560710907
56086,0.500671923160553
15381,0.500582754611969
46128,0.49889880418777466
76957,0.500556230545044
27584,0.5005707144737244
47349,0.500411868095398
13242,0.5009773373603821
21958,0.5006089806556702
82887,0.5008553862571716
106452,0.5005068778991699
8805,0.5003407001495361
39780,0.5013712644577026
98329,0.500954270362854
50527,0.5005694031715393
82425,0.500728964805603
23328,0.5005948543548584
43312,0.5006545186042786
62595,0.5005187392234802
85134,0.5000411868095398
47366,0.501173198223114
23299,0.5009193420410156
106554,0.5006757974624634
30402,0.5002777576446533
82605,0.5005236268043518
91467,0.5005226135253906
87186,0.5003883838653564
16903,0.5004940629005432
1913,0.5006033778190613
24210,0.5009855031967163
72558,0.5005821585655212
63823,0.500834584236145
37579,0.49948549270629883
23677,0.500565230846405
43647,0.5009616017341614
74682,0.5011376142501831
61036,0.500480055809021
68754,0.5006455779075623
4629,0.5006337761878967
45675,0.5005756616592407
87890,0.5001779794692993
69007,0.5005423426628113
107046,0.500860333442688
57177,0.500295877456665
58179,0.5007590651512146
59861,0.500568687915802
52378,0.5004293918609619
77012,0.5003030896186829
36232,0.5006200671195984
68330,0.5006058216094971
12004,0.5005763173103333
11504,0.5004422664642334
45682,0.499899297952652
23369,0.5007176995277405
9711,0.500920832157135
87557,0.5007494688034058
42759,0.5006024241447449
1961,0.5008949041366577
79192,0.5004509091377258
65297,0.5008173584938049
90391,0.5005723834037781
31179,0.5007783770561218
85934,0.5005550384521484
2233,0.5007325410842896
104465,0.5000416040420532
97156,0.5005424618721008
21082,0.5005487203598022
43222,0.5009333491325378
101903,0.5006541609764099
91631,0.5008051991462708
104772,0.5004489421844482
69306,0.5006063580513
2246,0.5007407069206238
55523,0.5006883144378662
35636,0.500431478023529
58346,0.5000825524330139
97733,0.5004627108573914
54318,0.4914615750312805
10406,0.5005943179130554
73686,0.5007125735282898
23697,0.5001784563064575
28920,0.5003172159194946
74967,0.5003931522369385
22282,0.5006153583526611
46359,0.5004081130027771
100017,0.5002596378326416
66476,0.5009652972221375
95495,0.5011264085769653
39500,0.5008817911148071
13256,0.5009014010429382
87733,0.5004234910011292
50150,0.5007697939872742
101746,0.500849187374115
43926,0.5006950497627258
62829,0.5008264780044556
16572,0.50091952085495
19011,0.5008147954940796
34704,0.5004251003265381
52519,0.5006741881370544
29435,0.500913679599762
14187,0.500265896320343
25743,0.5003976225852966
21024,0.5005059838294983
91627,0.5005745887756348
24278,0.5008624792098999
51417,0.50069260597229
59575,0.5007975101470947
38791,0.5003869533538818
43295,0.5000287890434265
76291,0.500542938709259
61760,0.5008510947227478
3559,0.5005837082862854
59749,0.5012273192405701
8520,0.5006392598152161
99593,0.5005568265914917
19907,0.5006124973297119
55802,0.5004742741584778
49581,0.5004709959030151
63636,0.500508189201355
68309,0.5004849433898926
32757,0.489862322807312
69987,0.5007368922233582
40061,0.5005870461463928
56151,0.5005114078521729
104281,0.5005022883415222
37146,0.5005717277526855
52784,0.500523567199707
22973,0.500205397605896
52110,0.5007829070091248
48457,0.5007645487785339
83878,0.5004758834838867
41602,0.5005838871002197
12922,0.5004676580429077
106228,0.5000883340835571
32284,0.5005636215209961
71166,0.5004334449768066
61893,0.49992018938064575
82610,0.5008367300033569
9468,0.5008291006088257
7366,0.5004673600196838
130,0.5009273290634155
93873,0.5004100203514099
104680,0.49993014335632324
13871,0.5008274912834167
92467,0.5006330013275146
43810,0.5005895495414734
88262,0.5008172988891602
78513,0.500700831413269
33147,0.5008547306060791
39542,0.5005553960800171
86068,0.500586748123169
17818,0.500738263130188
49539,0.5002628564834595
80464,0.5002514123916626
4168,0.49994349479675293
43550,0.5005479454994202
24085,0.5009043216705322
102374,0.5008463263511658
23041,0.5005763173103333
73095,0.5005291700363159
74551,0.500357985496521
58922,0.5002811551094055
54757,0.49526894092559814
86390,0.5009146332740784
49045,0.49994003772735596
63062,0.5006628036499023
45963,0.5008583664894104
3268,0.5005733966827393
94045,0.5004317164421082
93471,0.500231921672821
47014,0.5001736879348755
25463,0.500200092792511
59914,0.500498354434967
70929,0.5004895329475403
105229,0.4999905824661255
55727,0.5009011030197144
68877,0.5007447600364685
36240,0.5009121894836426
12342,0.5001553297042847
45781,0.5006691813468933
64221,0.5007655024528503
25152,0.5005817413330078
19946,0.500613808631897
35848,0.5005585551261902
50988,0.5005615949630737
81228,0.49980470538139343
70634,0.50096595287323
62087,0.5008277297019958
83705,0.5007113218307495
28135,0.5006754994392395
72269,0.5005657076835632
57765,0.5005390048027039
48237,0.5003585815429688
60935,0.5007755756378174
96395,0.5004635453224182
17552,0.5008050799369812
6012,0.49986782670021057
32339,0.5004180073738098
100348,0.5003669261932373
18042,0.5005737543106079
96315,0.5002055764198303
29764,0.5005041360855103
23929,0.5012032985687256
77311,0.5009349584579468
70607,0.5002787709236145
30780,0.500533938407898
80346,0.5005420446395874
98674,0.5000492930412292
81392,0.5006129145622253
97354,0.5006053447723389
81018,0.5003028512001038
67914,0.5006636381149292
73740,0.5011211633682251
17349,0.5002322793006897
92248,0.5004595518112183
7410,0.5009610652923584
38801,0.5000539422035217
2980,0.5006622672080994
8343,0.5004544258117676
4978,0.50057452917099
17304,0.5005685091018677
97200,0.5001885294914246
29661,0.5007148385047913
90326,0.5006441473960876
46507,0.5002633929252625
29043,0.5005480051040649
10362,0.5004933476448059
98378,0.5000517964363098
106758,0.4998027980327606
51017,0.5008711814880371
79812,0.5006141662597656
13356,0.5003482699394226
55569,0.5002332329750061
65657,0.5005692839622498
51044,0.5007132887840271
66567,0.5008595585823059
46552,0.5011122822761536
46891,0.5003879070281982
63607,0.5005744695663452
38370,0.5007763504981995
57361,0.5013797879219055
36803,0.5007175803184509
39652,0.5004306435585022
98980,0.5010671615600586
39367,0.5002416968345642
42936,0.5011480450630188
103002,0.49903324246406555
53733,0.5007039904594421
64932,0.5005205273628235
14694,0.5004749894142151
22051,0.49992668628692627
86459,0.5009539127349854
6391,0.5008490085601807
66928,0.5002508163452148
49982,0.500983476638794
100643,0.5004860758781433
56457,0.5004120469093323
30800,0.4993008077144623
33516,0.5005781650543213
10149,0.5004018545150757
59814,0.5005003809928894
95253,0.5003552436828613
53569,0.500499963760376
98810,0.5005528926849365
37667,0.49985769391059875
28177,0.5007098317146301
38991,0.5005266070365906
16662,0.5003182291984558
84074,0.5006469488143921
74835,0.5004667639732361
64707,0.5002726316452026
92839,0.5006480813026428
7848,0.4999871253967285
14932,0.5008410811424255
95426,0.4986034333705902
10705,0.5001133680343628
36497,0.5005730390548706
45194,0.5003470182418823
91760,0.500834047794342
42730,0.5003892779350281
73723,0.5007643699645996
106197,0.500907301902771
68082,0.5006752610206604
18144,0.500970184803009
80046,0.5006026029586792
11278,0.5007561445236206
80340,0.5004798769950867
13789,0.49943599104881287
70923,0.49911999702453613
102287,0.5008007884025574
91972,0.5005887746810913
34636,0.500768780708313
15424,0.5006523728370667
27169,0.4979923963546753
44400,0.49914756417274475
61822,0.5005232691764832
72751,0.5007981061935425
13516,0.5005365610122681
106505,0.50046706199646
76387,0.500493586063385
15239,0.5004850625991821
103844,0.5008422136306763
53314,0.501075029373169
39223,0.500593364238739
9030,0.5006041526794434
14079,0.5007526874542236
105615,0.5003540515899658
12812,0.500362753868103
75439,0.5000483393669128
39088,0.5004286170005798
43363,0.5005056262016296
32020,0.5002989172935486
64754,0.5008243918418884
3089,0.5002570152282715
23362,0.5005921125411987
84010,0.5010361075401306
28153,0.4999675750732422
38509,0.48887380957603455
11368,0.5006600618362427
38142,0.5005128979682922
97444,0.5003162026405334
41034,0.5005361437797546
8873,0.5006028413772583
30735,0.5002949237823486
61272,0.5010039210319519
56414,0.5009557008743286
89014,0.5008020401000977
24736,0.5005024075508118
36720,0.500347375869751
83888,0.5001538991928101
55059,0.4990549087524414
50353,0.5001115202903748
1263,0.5006191730499268
9747,0.5000509023666382
100121,0.500880241394043
101541,0.5007584095001221
107110,0.49972036480903625
13870,0.5006178021430969
53841,0.5004978775978088
99366,0.5003631114959717
97714,0.5008511543273926
105818,0.5008779764175415
50824,0.49804654717445374
79245,0.5006992816925049
20566,0.5001779198646545
31568,0.500374436378479
61681,0.500580370426178
61035,0.5010325312614441
82910,0.5005090236663818
104534,0.5007956624031067
30508,0.5007680058479309
36852,0.5008567571640015
78740,0.5006322264671326
93787,0.4942190945148468
99385,0.500298023223877
8541,0.5006477236747742
40986,0.5007747411727905
59356,0.5004944205284119
24418,0.4999816417694092
73614,0.4999885559082031
27415,0.5007416009902954
11105,0.5005109906196594
38620,0.5003827214241028
73791,0.5005537271499634
84218,0.4999399185180664
57917,0.5006210803985596
26115,0.5006894469261169
39220,0.50035160779953
86510,0.5003687739372253
2620,0.4999579191207886
80769,0.5006304979324341
63158,0.5006395578384399
68262,0.5006604790687561
75959,0.500062882900238
11908,0.5002360939979553
82650,0.5005711913108826
67201,0.4999725818634033
38281,0.5008031725883484
94080,0.5008288025856018
26958,0.5004672408103943
12229,0.5005220174789429
7322,0.5004981756210327
101820,0.5007290244102478
58402,0.5002504587173462
53298,0.5004374980926514
55864,0.5005303025245667
80201,0.5002070665359497
27368,0.49637797474861145
51937,0.5003284215927124
75944,0.5005553364753723
17981,0.5006164312362671
36458,0.5008559226989746
19330,0.5008760094642639
70747,0.5002390742301941
52093,0.5006282925605774
48248,0.5007883310317993
30444,0.5004586577415466
100114,0.5006676316261292
75809,0.5008717775344849
83567,0.5006923079490662
22666,0.5007560849189758
49879,0.5006389617919922
63185,0.5006436109542847
71537,0.5006154775619507
84881,0.5002046823501587
11039,0.5009942054748535
2226,0.5007684230804443
9498,0.5007414221763611
103461,0.5007649064064026
8026,0.5008513331413269
67743,0.5005203485488892
80470,0.50020831823349
3702,0.48676520586013794
60275,0.5005499124526978
32622,0.5007461309432983
30739,0.5005121231079102
87448,0.49829694628715515
98899,0.4891239106655121
89514,0.5005919933319092
10765,0.49364137649536133
76915,0.5007443428039551
22471,0.5005173087120056
104758,0.5007404685020447
106834,0.5008847713470459
21256,0.5007933378219604
72448,0.5009182691574097
76560,0.5003530979156494
72417,0.5007855892181396
76712,0.5007328391075134
81087,0.5002993941307068
106580,0.5008569955825806
29575,0.5005155801773071
93875,0.5005732178688049
57554,0.5004708170890808
60491,0.5011361837387085
93238,0.5008487701416016
3821,0.5007754564285278
28650,0.5004644989967346
66585,0.5007358193397522
3771,0.5004816651344299
21931,0.5005427002906799
6465,0.5007450580596924
12104,0.5005471706390381
100297,0.5004745125770569
12303,0.5003515481948853
63834,0.5007669925689697
72813,0.5007635951042175
24228,0.5001517534255981
62072,0.5007270574569702
87548,0.5006564855575562
34142,0.5006324648857117
102479,0.4980124235153198
81878,0.5006988048553467
5322,0.5005947351455688
8225,0.5006309747695923
87700,0.5004559755325317
34160,0.5002213716506958
84726,0.5004860758781433
18698,0.4999837279319763
21961,0.50057452917099
98296,0.5008294582366943
35011,0.5006282329559326
72197,0.501197099685669
52751,0.5001342296600342
2665,0.5005419254302979
13552,0.5006119608879089
74433,0.5005845427513123
55838,0.500265896320343
3623,0.5000866055488586
18897,0.5010557770729065
97971,0.500751793384552
54183,0.4996076822280884
36709,0.5003498196601868
45328,0.5007736682891846
45544,0.5007405877113342
88069,0.4988797903060913
38880,0.5001957416534424
29390,0.5006012916564941
17213,0.5006272792816162
103211,0.500136137008667
103784,0.5003167986869812
21672,0.5004531741142273
12667,0.5004952549934387
42330,0.5005906820297241
64762,0.5008786916732788
38996,0.5006895661354065
81858,0.5008007884025574
63013,0.50047767162323
97541,0.5006930828094482
94335,0.5006266236305237
27705,0.5000709891319275
27775,0.5007395148277283
90297,0.5006171464920044
17894,0.5002794861793518
89326,0.5013254284858704
14532,0.5001375675201416
29304,0.5004729628562927
60991,0.5006265044212341
26862,0.5009162425994873
36231,0.5001943111419678
68918,0.5006716251373291
87020,0.5004869699478149
68071,0.4981423020362854
74517,0.5004009008407593
68399,0.500813901424408
4125,0.5002756118774414
87538,0.5005664825439453
90505,0.500584065914154
26154,0.5004028677940369
94063,0.5006088018417358
4801,0.5004721879959106
79421,0.5005369186401367
22506,0.5004981160163879
90383,0.5005776882171631
31996,0.5003724098205566
94098,0.5003381967544556
23918,0.5001949667930603
14872,0.501264750957489
52194,0.5003044605255127
79112,0.5006687045097351
79767,0.5006266832351685
88807,0.5005611181259155
80213,0.5007258057594299
97386,0.5003630518913269
18855,0.5006317496299744
14420,0.5009042024612427
20050,0.5005831718444824
12401,0.5006075501441956
78505,0.5004401206970215
39219,0.500653088092804
23939,0.5006636381149292
16295,0.5007150769233704
38830,0.5008324980735779
63612,0.5000818967819214
13290,0.5013419985771179
53494,0.500607430934906
5746,0.5004836320877075
30513,0.5006395578384399
96344,0.5009353756904602
76550,0.5008226633071899
15269,0.5006792545318604
47320,0.500916063785553
51950,0.5006482005119324
9128,0.5001397728919983
34285,0.5007898807525635
93842,0.5005163550376892
8487,0.500684380531311
98151,0.5004652142524719
5934,0.5006198287010193
68794,0.5002959966659546
11126,0.5008674263954163
77657,0.5004271864891052
470,0.5006968975067139
29040,0.5007108449935913
92265,0.5003587007522583
29171,0.5008867979049683
53105,0.5006768703460693
22797,0.5010101795196533
100238,0.5000748634338379
76873,0.5003356337547302
51495,0.5006265044212341
60063,0.5006120800971985
97666,0.5007262229919434
71208,0.500341534614563
25864,0.5006810426712036
37431,0.5006095767021179
52917,0.5005269050598145
97589,0.5007821321487427
33482,0.5007696151733398
20425,0.5003374814987183
66723,0.5004763603210449
38765,0.49900639057159424
34844,0.5004081130027771
23794,0.5001667737960815
71459,0.50068598985672
104091,0.5006999373435974
891,0.5006023645401001
72288,0.5005980134010315
42364,0.5004398822784424
30967,0.5001680850982666
16582,0.5005801916122437
42961,0.5005111694335938
22874,0.4999430179595947
64063,0.5005255937576294
89992,0.500819981098175
37817,0.500196099281311
21008,0.5008177757263184
65846,0.5003487467765808
30491,0.5007259845733643
10225,0.5004687905311584
946,0.5005092024803162
57835,0.500481128692627
68530,0.5005017518997192
89954,0.5002124309539795
55861,0.5003216862678528
26313,0.5007100701332092
79078,0.5008215308189392
45288,0.500632643699646
41449,0.5005861520767212
105992,0.5004953145980835
22657,0.5007191896438599
59879,0.5005419254302979
61469,0.5007689595222473
34052,0.5007584095001221
75633,0.500389039516449
99091,0.5007644891738892
25249,0.5007528066635132
89585,0.5005635023117065
25639,0.5003616213798523
47314,0.500460147857666
27762,0.5008965134620667
52628,0.5008684396743774
84293,0.49901288747787476
68901,0.5006528496742249
90319,0.5005286335945129
55559,0.5002090930938721
16705,0.5005784630775452
79054,0.5005789995193481
8171,0.5001508593559265
59206,0.5005640983581543
52753,0.5005372166633606
99521,0.5005966424942017
59828,0.5004293918609619
66975,0.5007292628288269
33055,0.5004027485847473
11361,0.5005716681480408
10272,0.5005587339401245
15838,0.5007639527320862
52127,0.5007938146591187
17172,0.5005834698677063
61054,0.5005087852478027
92688,0.5004485845565796
25633,0.5007324814796448
13746,0.5012047290802002
49271,0.5004766583442688
74219,0.5005795359611511
95641,0.5004855990409851
31442,0.500544011592865
61505,0.5004666447639465
4848,0.5004280805587769
35411,0.5001330375671387
41728,0.500548779964447
11289,0.5002631545066833
54303,0.5009020566940308
87207,0.500796914100647
50770,0.5013863444328308
19455,0.5004441738128662
79660,0.5003925561904907
45640,0.5008692741394043
19680,0.5004042983055115
80064,0.5005854964256287
45921,0.5003238916397095
102330,0.5011289715766907
104779,0.500705361366272
41647,0.5007174015045166
62255,0.5003384947776794
69850,0.5006179213523865
59083,0.5008043646812439
29617,0.5006102323532104
68036,0.5004605054855347
34081,0.5008612871170044
7571,0.5005712509155273
27687,0.5004249215126038
9248,0.5006014108657837
70304,0.5006436109542847
68494,0.5008912086486816
34488,0.5005522966384888
91948,0.5006067752838135
83596,0.49991121888160706
6539,0.5007057785987854
50333,0.5005830526351929
103218,0.5011308789253235
10795,0.5001090168952942
64519,0.5007041692733765
55023,0.5006893277168274
79698,0.5006626844406128
12137,0.5007606148719788
26981,0.500749409198761
16418,0.5004442930221558
19562,0.5006453394889832
54980,0.5006393194198608
8983,0.5012275576591492
44060,0.5005840063095093
40837,0.5006709694862366
50598,0.5003246068954468
96359,0.5009486675262451
106537,0.49631789326667786
25890,0.5002292990684509
82625,0.5006190538406372
6701,0.5003612041473389
8350,0.5005437731742859
82763,0.50053471326828
101464,0.4996511936187744
21356,0.500687837600708
39215,0.5006062388420105
67377,0.5003863573074341
28181,0.5007643699645996
41563,0.5005748271942139
26345,0.5008538365364075
16648,0.4880250096321106
31584,0.5002408623695374
1960,0.5004562735557556
9044,0.5002222061157227
91655,0.5002425312995911
46682,0.5011328458786011
50998,0.5008993744850159
67563,0.5006896257400513
21973,0.5005788803100586
66386,0.5006617903709412
67164,0.5007063150405884
48558,0.5004732012748718
12620,0.5004258751869202
64680,0.5003421306610107
63616,0.5005782842636108
107035,0.49775198101997375
59071,0.500813901424408
102880,0.5000486373901367
35126,0.500157356262207
41487,0.5008459091186523
31091,0.500339925289154
59940,0.5006627440452576
46433,0.5008050799369812
31705,0.500887393951416
80481,0.5005808472633362
12116,0.5005173087120056
35783,0.5007678866386414
2593,0.5005102157592773
47474,0.5009934306144714
52930,0.5004201531410217
44350,0.5001371502876282
77265,0.5008559823036194
55073,0.5001171231269836
41302,0.49996304512023926
94253,0.5006735920906067
21658,0.5005227327346802
38103,0.5007920265197754
73971,0.500510573387146
39871,0.5008112192153931
78320,0.5002552270889282
11438,0.5006886720657349
59470,0.5003315806388855
55759,0.4999173879623413
104592,0.5001263618469238
96295,0.5009055137634277
56214,0.5004916191101074
89317,0.5004339218139648
99372,0.5005915760993958
47947,0.5005351901054382
92170,0.5001887083053589
1522,0.5002089142799377
49519,0.5005335211753845
83847,0.5003987550735474
25956,0.5006188154220581
54284,0.5007126331329346
75756,0.5005738735198975
46005,0.5003645420074463
95327,0.5003854036331177
67211,0.5005842447280884
57848,0.5003710389137268
62669,0.5011568665504456
103424,0.500501275062561
6568,0.5001857280731201
20985,0.5005421042442322
2606,0.5006354451179504
51468,0.5002727508544922
58979,0.500522792339325
44348,0.5004982352256775
97129,0.5006551146507263
106323,0.5008111000061035
83866,0.5010278820991516
59690,0.5002707242965698
77224,0.500591516494751
55814,0.5004472732543945
423,0.5008341073989868
51386,0.5008365511894226
54584,0.5007474422454834
20650,0.5005075931549072
67619,0.5005394816398621
80649,0.4999486207962036
98240,0.5004882216453552
51543,0.5006533861160278
3995,0.5005612969398499
68167,0.500781238079071
6440,0.500434935092926
42990,0.500622034072876
27893,0.5007328391075134
292,0.5000397562980652
60869,0.5007199645042419
83757,0.5005322694778442
71190,0.5006917119026184
43134,0.5004808902740479
26387,0.5004658699035645
41140,0.5004627108573914
41330,0.5009385943412781
59444,0.5005304217338562
30220,0.5006715059280396
57850,0.5004889965057373
68720,0.5005103349685669
83784,0.5007396340370178
75058,0.5007414817810059
9990,0.5007225871086121
70601,0.500749409198761
496,0.5008578896522522
4219,0.5008993744850159
20921,0.5005710124969482
63436,0.5009834170341492
102995,0.5008813738822937
46697,0.5009165406227112
105445,0.5004077553749084
17416,0.4999697208404541
100999,0.5006199479103088
89296,0.5006235241889954
74224,0.5004551410675049
88876,0.500439465045929
76981,0.5004220604896545
16408,0.5005702376365662
54241,0.500555157661438
12554,0.5006012320518494
90727,0.5006881356239319
28056,0.5001524686813354
5562,0.4947339594364166
80195,0.5006003975868225
87069,0.5008270740509033
43216,0.500391960144043
79579,0.5003267526626587
9937,0.5006022453308105
42856,0.5007721185684204
56247,0.5005170702934265
89203,0.5007174611091614
75302,0.5006053447723389
9324,0.5005292296409607
88477,0.5009006857872009
65720,0.5003798604011536
83822,0.5004948973655701
106308,0.5004501342773438
88320,0.5003776550292969
3472,0.5007715225219727
43027,0.5006188750267029
77392,0.500312864780426
41026,0.5005723834037781
34970,0.5002819895744324
85811,0.5000795722007751
51037,0.5000555515289307
39911,0.5004311800003052
54621,0.5005134344100952
63702,0.5006064176559448
88917,0.5009953379631042
15936,0.5012027621269226
68562,0.500394344329834
82320,0.5005558133125305
95565,0.5008906126022339
98754,0.5002909302711487
61204,0.497230589389801
94434,0.499847948551178
62405,0.5006118416786194
65452,0.5005702376365662
35549,0.5004569292068481
105446,0.500649631023407
29245,0.500514805316925
40566,0.5010282397270203
77668,0.5002176761627197
65167,0.5004501342773438
25913,0.5003021359443665
67005,0.5004714727401733
65537,0.5002669095993042
76894,0.5004644393920898
79304,0.5007249712944031
47879,0.5008242726325989
71762,0.5005643963813782
94313,0.500481903553009
23432,0.500009298324585
96020,0.500544548034668
95380,0.5012891292572021
76613,0.5004949569702148
90665,0.5004532933235168
77768,0.5009296536445618
83357,0.5005236268043518
70714,0.5008674263954163
89872,0.5006455779075623
41797,0.500298023223877
13868,0.5005860328674316
106550,0.5003046989440918
39844,0.5005195736885071
42075,0.5008684396743774
62095,0.5004862546920776
70425,0.5004376769065857
78138,0.500701904296875
25349,0.4995400309562683
86030,0.5005279779434204
11281,0.5008566379547119
92556,0.5008624792098999
32183,0.4999035894870758
95511,0.5008350014686584
14000,0.5005152225494385
8192,0.5006812214851379
46625,0.5001810193061829
80759,0.5010240077972412
53529,0.5003657341003418
39661,0.5002931952476501
18735,0.5002828240394592
43096,0.5007838010787964
35406,0.500681459903717
19563,0.5009984374046326
44955,0.5007250308990479
51195,0.5002994537353516
104716,0.49827635288238525
78032,0.5005640387535095
54763,0.49926483631134033
54472,0.5005486011505127
63165,0.5002959966659546
59237,0.5004563927650452
80008,0.500778317451477
41274,0.50081866979599
69397,0.5005560517311096
58538,0.5003622770309448
12556,0.5007520318031311
22194,0.5005553364753723
13877,0.5009108185768127
28486,0.5002266764640808
40470,0.5004209280014038
3803,0.5007136464118958
27605,0.5007346272468567
12596,0.5006083846092224
51958,0.5008733868598938
100371,0.4998866021633148
35292,0.500316858291626
106651,0.5007169246673584
67973,0.5007310509681702
24261,0.5006805062294006
42465,0.5002454519271851
13861,0.5003994107246399
15827,0.5003498196601868
96979,0.5004345178604126
21464,0.500495970249176
33217,0.5005269050598145
31921,0.5005804300308228
87306,0.5005364418029785
82440,0.5003659129142761
100467,0.500485360622406
101153,0.5004409551620483
59418,0.5006114840507507
34456,0.5009852647781372
78306,0.500472903251648
60321,0.5006586313247681
106857,0.5007328987121582
35073,0.5004907250404358
61217,0.5004003047943115
40071,0.5006710290908813
82248,0.500649631023407
74965,0.5004723072052002
71583,0.5006788372993469
83997,0.5005906820297241
80322,0.5006108283996582
1386,0.5004506707191467
30888,0.5007824897766113
46174,0.5007519721984863
68484,0.5007445216178894
17329,0.5003665089607239
93726,0.5010451674461365
14464,0.5006818771362305
67944,0.5009186267852783
95240,0.50101637840271
43653,0.4995170831680298
74712,0.5011414885520935
89456,0.5004499554634094
8122,0.5009218454360962
80123,0.500603199005127
100955,0.5007203221321106
19190,0.5003791451454163
17483,0.5007290840148926
21509,0.5007531046867371
67611,0.5006253123283386
91018,0.5007121562957764
11502,0.4985216557979584
41634,0.5005384087562561
58647,0.5011562705039978
397,0.5005775094032288
94236,0.5008383393287659
34471,0.500626802444458
95449,0.5006417036056519
45263,0.500584065914154
1312,0.5006345510482788
1701,0.500585675239563
10211,0.5004932880401611
19877,0.49977907538414
10820,0.5005936622619629
48605,0.5006011128425598
105197,0.5009651780128479
101055,0.5002370476722717
72026,0.5005371570587158
40241,0.5006080269813538
21775,0.5009585022926331
2675,0.5008686780929565
44002,0.5002573728561401
42988,0.5006047487258911
1719,0.5005634427070618
44005,0.5008872747421265
293,0.500536322593689
67526,0.5004963278770447
20436,0.5004509687423706
47583,0.5006049275398254
54329,0.5005751252174377
44312,0.5007380843162537
46747,0.5003427863121033
42297,0.5007731914520264
36740,0.5007994771003723
15115,0.5001981854438782
54215,0.5008054375648499
50632,0.5006449818611145
67796,0.500375509262085
24974,0.5005773901939392
17987,0.500552237033844
57932,0.5008103847503662
58445,0.5002778172492981
71758,0.5004374980926514
27568,0.5005090832710266
77343,0.5005210041999817
74960,0.5006431341171265
71199,0.5005519390106201
63696,0.5005643367767334
7032,0.5003684163093567
23824,0.5004478693008423
30498,0.5006803274154663
71626,0.5005831718444824
45937,0.5002993941307068
58185,0.5006575584411621
63250,0.50055992603302
93821,0.5006025433540344
75253,0.5007304549217224
105476,0.5005272626876831
94786,0.5003018975257874
64336,0.5006601214408875
71947,0.500051736831665
92182,0.49958840012550354
20086,0.49631834030151367
76618,0.5007763504981995
14910,0.5003442764282227
37519,0.5006713271141052
18587,0.5007344484329224
72152,0.5003636479377747
104014,0.5007344484329224
40614,0.5001088380813599
88400,0.5002629160881042
31994,0.5002714991569519
87528,0.5008370280265808
63934,0.500766932964325
49409,0.500440239906311
774,0.5013787746429443
32495,0.5008514523506165
88382,0.5007933378219604
15155,0.5004354119300842
93745,0.500603199005127
27703,0.5005370378494263
75787,0.5006484389305115
90254,0.5003700852394104
13614,0.5002904534339905
28304,0.5004831552505493
41678,0.5005487203598022
98764,0.5005903244018555
82284,0.5009462237358093
31660,0.5008372068405151
67449,0.5007119178771973
32695,0.500796914100647
73704,0.49940192699432373
13185,0.5004913210868835
41481,0.5004074573516846
71990,0.5001879334449768
64342,0.5006132125854492
52716,0.5003144145011902
23590,0.5007207989692688
19738,0.500553548336029
81722,0.5005762577056885
43441,0.5005657076835632
56076,0.500347912311554
36062,0.5004783868789673
93470,0.5004968047142029
57631,0.500956654548645
104065,0.5006322860717773
542,0.5006565451622009
22750,0.5004730224609375
65825,0.5007950067520142
63929,0.5005961060523987
71150,0.5007078647613525
82911,0.5003928542137146
65991,0.5006049871444702
17471,0.5006262063980103
96142,0.5006743669509888
20569,0.5010085105895996
38497,0.5009550452232361
2685,0.5006864666938782
38408,0.5010347366333008
100635,0.5005929470062256
29619,0.5005525350570679
63490,0.5003933906555176
83339,0.500123143196106
36539,0.500368058681488
79339,0.5011633634567261
72290,0.5005890727043152
3220,0.5007488131523132
81270,0.5006643533706665
35843,0.5006732940673828
44327,0.5003893971443176
30665,0.5009554028511047
1548,0.50080406665802
75171,0.5007297992706299
99712,0.5015011429786682
33884,0.5005948543548584
65379,0.5005336403846741
62016,0.5008594393730164
35402,0.5003289580345154
42879,0.5007737278938293
74818,0.5006037354469299
12495,0.5004943609237671
20003,0.5006920099258423
22125,0.4973849356174469
70889,0.500755786895752
2024,0.5008832812309265
95385,0.50026535987854
80643,0.5006029009819031
86163,0.500579297542572
67694,0.5005912780761719
26798,0.5006334781646729
81103,0.5007160305976868
19085,0.5007615089416504
4898,0.5010588765144348
6355,0.5005837678909302
14518,0.5005285739898682
14647,0.5006835460662842
42001,0.5004397034645081
77785,0.500683069229126
35657,0.5004937052726746
56488,0.5006144642829895
21443,0.5007545948028564
84978,0.5010349154472351
89651,0.500545859336853
79791,0.5005702376365662
97990,0.500628650188446
71970,0.5002846121788025
92259,0.4997738301753998
63637,0.5003597736358643
85746,0.5005859732627869
72226,0.49989935755729675
8706,0.4999386668205261
53923,0.4999297857284546
21760,0.5009738802909851
52327,0.4963873624801636
13615,0.5002435445785522
3156,0.5007383823394775
17888,0.5002330541610718
27794,0.5005661249160767
17951,0.5010396242141724
106260,0.5010817646980286
86128,0.5002645254135132
78519,0.5005971789360046
103081,0.49452945590019226
8118,0.5010690689086914
83982,0.5009127855300903
29893,0.5003350377082825
49405,0.5003150701522827
52266,0.5005000233650208
36470,0.5009203553199768
1846,0.5007194876670837
3349,0.5010184645652771
93690,0.5007933974266052
50314,0.5004889369010925
186,0.5003257989883423
65432,0.5006194114685059
37728,0.5005370378494263
19567,0.5007036924362183
30657,0.5005094408988953
82531,0.5004366636276245
22826,0.49375680088996887
22919,0.5007381439208984
87442,0.5007215738296509
104588,0.5004163980484009
64949,0.5006890892982483
63321,0.5005562901496887
44202,0.5006314516067505
85518,0.5008174180984497
70363,0.500429093837738
38760,0.5005014538764954
99477,0.5004847645759583
41258,0.5005231499671936
88460,0.5002847909927368
49151,0.5005490183830261
96318,0.5007880926132202
15268,0.5009105205535889
39971,0.5005283355712891
68688,0.49961036443710327
106285,0.5006891489028931
3186,0.49876731634140015
39622,0.5007610321044922
77353,0.5004409551620483
88812,0.5007464289665222
6527,0.5003687739372253
59187,0.5000179409980774
61590,0.5001975893974304
56408,0.5002231597900391
94523,0.5001969933509827
35641,0.5009675025939941
74177,0.5003662705421448
103345,0.5001240372657776
43538,0.5008596181869507
28070,0.5001606941223145
18799,0.5005428194999695
49071,0.5001617670059204
95746,0.5006760954856873
32734,0.5006941556930542
94400,0.5005245804786682
85387,0.5003848075866699
73483,0.5008087158203125
14503,0.5003631711006165
49355,0.5004568099975586
104699,0.5003291964530945
34977,0.5009491443634033
105745,0.4966753423213959
46195,0.5001153945922852
21807,0.5007802248001099
38567,0.5005078315734863
22107,0.5006564855575562
29812,0.5006688833236694
11423,0.5005046725273132
17429,0.5007984638214111
33210,0.5005730390548706
24307,0.50077223777771
25930,0.5004758834838867
83021,0.5008212924003601
102384,0.5003855228424072
16069,0.5008452534675598
89177,0.5001340508460999
14322,0.500940203666687
47929,0.5009081959724426
95274,0.5009058713912964
91895,0.5003595948219299
30333,0.5004009008407593
63018,0.5006886720657349
13130,0.5003682374954224
48136,0.5006443858146667
65112,0.500530481338501
96303,0.5006100535392761
32221,0.5006147027015686
9939,0.5006053447723389
58276,0.5006129741668701
95046,0.5002985596656799
95608,0.5008750557899475
5449,0.5004147291183472
60819,0.5004836320877075
106929,0.5006145238876343
70887,0.5004903078079224
107168,0.5008503198623657
1665,0.500485897064209
62485,0.50054931640625
26165,0.5008270740509033
54830,0.5003689527511597
98131,0.5001623630523682
11417,0.5001658797264099
54957,0.5007796883583069
16542,0.4978274703025818
46696,0.5003724098205566
23398,0.5010709762573242
82966,0.5003814101219177
98212,0.5004653334617615
47665,0.5004621744155884
71236,0.5003052949905396
23789,0.5002282857894897
52331,0.5009526014328003
42,0.5006221532821655
44162,0.5007948279380798
89991,0.500652015209198
86732,0.5007652044296265
97084,0.5005414485931396
96648,0.5009720921516418
43358,0.5006882548332214
33225,0.5004776120185852
100947,0.4999183416366577
30048,0.5006469488143921
13538,0.5009974241256714
61920,0.49990788102149963
90739,0.5006972551345825
33099,0.5008508563041687
5687,0.5006146430969238
37971,0.500773549079895
104107,0.5004763007164001
15261,0.499969482421875
79583,0.5009778738021851
12417,0.5007482767105103
42928,0.5003970861434937
81291,0.5010777711868286
44398,0.500342607498169
64245,0.5010886788368225
62296,0.5006355047225952
89490,0.5008967518806458
27804,0.5005377531051636
86896,0.5006532669067383
31142,0.5007044076919556
100499,0.5009942650794983
41462,0.5007338523864746
11490,0.5006481409072876
41182,0.5007854700088501
88788,0.5006290674209595
85936,0.5006809234619141
25717,0.5003485679626465
39604,0.5004907846450806
2113,0.5004408955574036
19841,0.500542163848877
85276,0.5008435249328613
38085,0.5005166530609131
33856,0.5004860758781433
16285,0.4967186152935028
102958,0.5006342530250549
32690,0.5008870959281921
65286,0.5009365081787109
87828,0.5004267692565918
72944,0.500450849533081
47478,0.5006497502326965
94238,0.5006251931190491
25276,0.5007208585739136
51125,0.500686526298523
59341,0.5000283122062683
37015,0.5010400414466858
48326,0.5006477236747742
55339,0.5008959770202637
54809,0.5012509226799011
95448,0.5006283521652222
92455,0.5008004307746887
41479,0.5008276700973511
50990,0.5006544589996338
97606,0.500325083732605
64386,0.5007266402244568
59016,0.49706828594207764
34793,0.5006652474403381
35103,0.500530481338501
62419,0.5007292628288269
44749,0.500801682472229
51217,0.5006834864616394
76088,0.5005719661712646
50731,0.5005834102630615
21634,0.5005019903182983
99187,0.5007123351097107
74983,0.5007409453392029
74636,0.4929282069206238
70918,0.5007334351539612
48025,0.5006163120269775
1202,0.5004895925521851
29773,0.5008968710899353
104392,0.5004236102104187
36134,0.500924825668335
56611,0.5003069043159485
98347,0.500745952129364
76408,0.5010577440261841
43641,0.5008258819580078
75570,0.4992449879646301
7090,0.5005480051040649
82189,0.5003975629806519
48190,0.5004363059997559
4985,0.5007662177085876
1702,0.5006726980209351
97091,0.5005676746368408
67132,0.5002037882804871
52003,0.5006675124168396
60130,0.500196635723114
52734,0.5006920695304871
54975,0.5006882548332214
79908,0.5002622604370117
75883,0.5007216334342957
7708,0.5006564855575562
20788,0.49889886379241943
29713,0.5005382299423218
2168,0.5002804398536682
19624,0.5006918907165527
15339,0.5002953410148621
63973,0.5008583068847656
104124,0.5000399351119995
82919,0.500389039516449
57759,0.5008782148361206
30517,0.5003343820571899
67562,0.5008672475814819
60871,0.5001398324966431
73670,0.5002719759941101
12046,0.5005976557731628
29703,0.500602126121521
57997,0.49899113178253174
104071,0.5002883672714233
23798,0.5007774233818054
63304,0.5008457899093628
29328,0.5009467005729675
54042,0.5006484985351562
43085,0.5005071759223938
41458,0.5007625222206116
65632,0.500477135181427
61938,0.5010671019554138
43481,0.5004494190216064
23810,0.5004498362541199
74207,0.5011652112007141
40078,0.5001970529556274
67888,0.5008854866027832
54635,0.5001667141914368
37281,0.5000737309455872
92696,0.5001137852668762
40103,0.5003227591514587
12388,0.500545084476471
65827,0.4997769296169281
13632,0.5010380744934082
55474,0.5005160570144653
5448,0.5007852911949158
39340,0.500751793384552
1321,0.5008139610290527
53096,0.500715970993042
93846,0.5008078813552856
84889,0.500520646572113
53938,0.5003814101219177
104973,0.5012707710266113
74968,0.49977046251296997
26581,0.5004433989524841
84369,0.5005667209625244
51684,0.5011907815933228
24583,0.5006046891212463
93592,0.5007510185241699
80678,0.5004667639732361
34799,0.5006358027458191
50595,0.5003681182861328
107043,0.4904015064239502
81783,0.500765323638916
8163,0.5002225041389465
65011,0.5011820197105408
88170,0.5006106495857239
18337,0.5008547902107239
72949,0.5001962780952454
70736,0.5004762411117554
96312,0.4985114634037018
83629,0.49993765354156494
85060,0.5006197690963745
65661,0.5002642273902893
66651,0.5002362728118896
74786,0.5006553530693054
57298,0.5003188848495483
42230,0.500390350818634
20537,0.500604510307312
97674,0.5010767579078674
65960,0.5004655122756958
55108,0.4999848008155823
49101,0.5008417367935181
19384,0.5005654096603394
29553,0.5008124113082886
40469,0.5005840063095093
63625,0.5008389949798584
32081,0.5003653168678284
37229,0.5000122785568237
92189,0.5004191994667053
14893,0.500271201133728
44609,0.5000059604644775
63754,0.5004298090934753
56244,0.5004395842552185
13791,0.500475287437439
97514,0.5008534789085388
62715,0.5006784796714783
80723,0.5007545948028564
31649,0.5004719495773315
35868,0.5004656910896301
26020,0.5010299682617188
94291,0.50075364112854
63036,0.5006541609764099
71036,0.5004653930664062
49693,0.5004849433898926
7862,0.5007501840591431
106251,0.5004822611808777
6411,0.5000101923942566
2227,0.5003902912139893
12739,0.5007109642028809
13897,0.5007816553115845
51843,0.5005941390991211
68337,0.5005574226379395
62399,0.5006667971611023
83642,0.4999094307422638
62576,0.5004474520683289
76355,0.5008775591850281
88532,0.5010508894920349
870,0.5007324814796448
26067,0.5001328587532043
45412,0.5010262131690979
93632,0.5006669759750366
34710,0.500484824180603
49010,0.5003628134727478
20800,0.48567816615104675
91234,0.5003878474235535
106720,0.500125527381897
39399,0.5001936554908752
30906,0.500942051410675
55880,0.5004621744155884
86772,0.5007562637329102
50257,0.5004353523254395
89524,0.5009013414382935
53238,0.5010792016983032
8234,0.5007568597793579
106696,0.500592052936554
29446,0.5007764101028442
23987,0.5005935430526733
64819,0.5003750324249268
35094,0.5006411075592041
45865,0.500525712966919
8562,0.5010396838188171
75593,0.5003326535224915
8341,0.5009815096855164
59981,0.5008031725883484
87038,0.5004509687423706
60298,0.5004532337188721
660,0.5008901357650757
6334,0.5004926323890686
40173,0.5006630420684814
60604,0.5007563233375549
77550,0.4999814033508301
34391,0.5013382434844971
65498,0.5005601644515991
12883,0.49910420179367065
28396,0.5006870031356812
20072,0.5002737641334534
29955,0.500847578048706
93410,0.500365674495697
19195,0.5010234117507935
86600,0.5006192326545715
11096,0.5009294748306274
100641,0.5005579590797424
2876,0.500889778137207
98508,0.5008194446563721
8183,0.5002497434616089
61746,0.5005409121513367
65016,0.500825822353363
98667,0.49874797463417053
26907,0.5007185935974121
118,0.5004733800888062
17226,0.5001906752586365
101387,0.5007725358009338
2477,0.5009137988090515
42711,0.5005579590797424
45007,0.5005842447280884
16318,0.49107760190963745
86150,0.5005616545677185
8105,0.5002192854881287
29329,0.5001949071884155
24199,0.5002567172050476
28490,0.5008751749992371
15922,0.5005928874015808
59384,0.500201404094696
11373,0.5009272694587708
101542,0.5006449818611145
106469,0.5005113482475281
90450,0.5011258721351624
57117,0.5008445382118225
46768,0.5006030797958374
101203,0.5001179575920105
73606,0.5005550980567932
107050,0.5004544258117676
92108,0.5002490878105164
20429,0.500617265701294
91152,0.500474214553833
78479,0.5003440976142883
104962,0.5004406571388245
65927,0.5005743503570557
29567,0.5003997683525085
3521,0.5008763670921326
77782,0.50100177526474
74900,0.5007959604263306
20583,0.5007971525192261
51369,0.4984267055988312
33036,0.5005204081535339
1020,0.5001972317695618
81918,0.5007297992706299
71786,0.5004192590713501
29021,0.5007853507995605
42473,0.5008089542388916
76563,0.5005890727043152
76009,0.5007188320159912
75090,0.5007832646369934
91847,0.4991369843482971
78056,0.5006402134895325
22275,0.5003792643547058
64351,0.5006737112998962
101193,0.5004372596740723
49286,0.5003877282142639
89043,0.5007138848304749
41575,0.500510573387146
105212,0.5000446438789368
796,0.5006054639816284
89918,0.5009682178497314
26836,0.5010954737663269
15916,0.5004611015319824
66393,0.5005142688751221
74777,0.5005295872688293
215,0.5007678270339966
70103,0.500128984451294
106169,0.5011086463928223
81879,0.5003693103790283
25104,0.5001920461654663
37041,0.5005254745483398
91290,0.5007834434509277
7967,0.5005293488502502
61699,0.5005671381950378
11430,0.49891233444213867
99907,0.5005233287811279
15587,0.5006911158561707
17770,0.5007025003433228
51183,0.5008924603462219
10924,0.5008931756019592
5241,0.5006720423698425
79879,0.5005252957344055
57849,0.5005155205726624
10135,0.5007985234260559
28930,0.5007910132408142
84980,0.5007286071777344
35035,0.4999851584434509
1544,0.5000227093696594
57299,0.5006524920463562
53790,0.5004899501800537
27413,0.5001567006111145
38165,0.5004322528839111
48208,0.5000401735305786
56627,0.5007781386375427
65033,0.5006317496299744
62849,0.5005756616592407
53653,0.5006210803985596
49325,0.5005086064338684
72723,0.5003661513328552
90690,0.500453531742096
106400,0.5004737973213196
33103,0.5005481243133545
25088,0.5013978481292725
101515,0.49979665875434875
97145,0.5006583333015442
55520,0.5005051493644714
77374,0.5003706812858582
30393,0.4912225306034088
51247,0.5003898739814758
102444,0.5006261467933655
73823,0.4979103207588196
77961,0.5009456872940063
92334,0.5006809830665588
20875,0.5007827877998352
8968,0.5005354881286621
46253,0.5005782246589661
65138,0.49529585242271423
103803,0.5003196597099304
48240,0.5005573034286499
37216,0.5007505416870117
37070,0.4981636106967926
100791,0.5004355311393738
65296,0.500521183013916
55217,0.5005783438682556
61439,0.5007773041725159
28910,0.5003367066383362
68977,0.500693142414093
73799,0.5003209114074707
87205,0.5006227493286133
24133,0.5008277297019958
5545,0.5000249743461609
54239,0.5012386441230774
58376,0.5004897117614746
102502,0.5003193020820618
4217,0.49981147050857544
24943,0.5008322596549988
76677,0.5005890727043152
30672,0.5005013346672058
103813,0.5005095601081848
19301,0.5008860230445862
66545,0.5010001063346863
6418,0.5007102489471436
105393,0.5010233521461487
26256,0.5003491640090942
73036,0.5005724430084229
90905,0.5009637475013733
53703,0.5009613633155823
19896,0.5004810690879822
38549,0.5007370114326477
50747,0.5009003281593323
7384,0.5006285309791565
38634,0.5004556179046631
2243,0.5008038878440857
34358,0.5005444884300232
9905,0.5005074143409729
2600,0.5002235174179077
30934,0.5004569292068481
11956,0.5009586811065674
65971,0.5006256699562073
41054,0.5008941292762756
86656,0.5003250241279602
96579,0.5003147125244141
468,0.5009886026382446
95086,0.5003981590270996
36410,0.5006987452507019
61026,0.500045657157898
49759,0.5003180503845215
18786,0.5010531544685364
81012,0.5005010366439819
19445,0.5009260177612305
50756,0.5006835460662842
85673,0.5004830360412598
66960,0.5004766583442688
31365,0.5002181529998779
37640,0.5008834600448608
101325,0.5005463361740112
104267,0.5003591775894165
64787,0.500339150428772
54097,0.500740110874176
90089,0.5003228783607483
79611,0.5004879832267761
3872,0.5005012154579163
90845,0.5001162886619568
75838,0.5003332495689392
16157,0.5001486539840698
21349,0.5006919503211975
34130,0.5003776550292969
83045,0.5003322958946228
83033,0.5006920695304871
18190,0.5007574558258057
98007,0.5004534125328064
95308,0.5009562969207764
7197,0.5007249712944031
79403,0.5006365180015564
7653,0.5006038546562195
59611,0.5008718967437744
93070,0.5005783438682556
33837,0.5006128549575806
86990,0.4976860582828522
38486,0.5006402730941772
49647,0.5009853839874268
49217,0.5004879832267761
89090,0.5003442764282227
6634,0.5005190372467041
106711,0.5003339052200317
98643,0.5007021427154541
64122,0.48891693353652954
95757,0.500501275062561
52941,0.500258207321167
73928,0.500729501247406
96735,0.5012090802192688
76375,0.5005323886871338
26187,0.5001081228256226
61250,0.5006451606750488
101730,0.500614583492279
96681,0.5004944205284119
81672,0.5003148913383484
941,0.5006108283996582
73571,0.5008556246757507
102835,0.5004114508628845
84015,0.500419020652771
15822,0.5005347728729248
26528,0.5006062388420105
34458,0.500424325466156
22406,0.5008111596107483
77570,0.5000824928283691
60677,0.4999808669090271
16163,0.5000259876251221
58610,0.5006852746009827
87762,0.500602662563324
48705,0.5004100203514099
78339,0.49975234270095825
27015,0.5002711415290833
63869,0.5006760954856873
32867,0.5008499026298523
18094,0.5006557703018188
31953,0.5007496476173401
3489,0.5001738667488098
8990,0.5004480481147766
89863,0.500900387763977
18547,0.5007712244987488
75256,0.5005661249160767
93963,0.5012528300285339
71978,0.5000511407852173
30679,0.5006422996520996
102609,0.5008544325828552
83019,0.5005651712417603
48135,0.5005555152893066
61409,0.499844491481781
58564,0.5008821487426758
3946,0.5005007982254028
106020,0.5005673766136169
3723,0.5005727410316467
22108,0.5010830163955688
4674,0.5008856654167175
4358,0.5006123185157776
31186,0.5005418062210083
136,0.5008901357650757
46915,0.5008289217948914
95526,0.5006958842277527
12145,0.5002459287643433
18631,0.5002001523971558
95178,0.4997485876083374
6569,0.5006250739097595
74472,0.5006962418556213
53618,0.5005165934562683
82117,0.5006593465805054
33139,0.5005446672439575
101127,0.5002654790878296
78109,0.5006359219551086
71560,0.5005986094474792
4873,0.4927959442138672
38063,0.5008056163787842
1060,0.5008668899536133
45447,0.5011327266693115
14151,0.5002539157867432
79580,0.5004480481147766
37219,0.5007404088973999
84736,0.5008156299591064
15780,0.5003737807273865
82921,0.5002716183662415
40348,0.5004432201385498
74895,0.5006964802742004
93609,0.5006067752838135
60230,0.500163197517395
65745,0.500698983669281
16278,0.5005873441696167
66171,0.5002278685569763
76515,0.4999944567680359
87170,0.5006273984909058
104704,0.5005620718002319
95572,0.5007506012916565
41881,0.4995700716972351
30757,0.5007621049880981
83846,0.5003339648246765
72285,0.501013457775116
29064,0.5004746913909912
5381,0.5008976459503174
83070,0.500333845615387
7175,0.5008661150932312
49176,0.5011811256408691
51188,0.5007491707801819
60730,0.5002745985984802
89396,0.5008037090301514
50581,0.5005571246147156
9406,0.5004037618637085
16599,0.4993792176246643
69783,0.5003939867019653
27796,0.5008320212364197
592,0.5005999207496643
18133,0.5002830624580383
105112,0.5001081228256226
51799,0.5004987120628357
75583,0.5009387135505676
22160,0.5010512471199036
28229,0.500239372253418
59965,0.5006770491600037
25798,0.5008697509765625
1799,0.50056391954422
37007,0.5007339715957642
99962,0.500556230545044
106489,0.5006995797157288
39063,0.5006208419799805
46435,0.5006917715072632
45589,0.5008150935173035
6956,0.5004457235336304
106021,0.5005722045898438
92285,0.5004950165748596
40437,0.5005080699920654
7039,0.5009272694587708
94842,0.5003935098648071
105806,0.500974178314209
19957,0.5006611347198486
91743,0.5008674263954163
71819,0.5007790327072144
71859,0.5009728074073792
77846,0.5005030035972595
75254,0.5005003213882446
86699,0.5002740025520325
41680,0.5003370642662048
40684,0.5004254579544067
102752,0.5008378624916077
59996,0.5004296898841858
75002,0.500991940498352
83944,0.4999196529388428
71542,0.5004497766494751
102795,0.5008277893066406
13533,0.5006025433540344
86443,0.5003958344459534
72601,0.5004743337631226
48252,0.5006704330444336
59918,0.5010695457458496
70105,0.4932038187980652
36420,0.5005965828895569
72545,0.5007517337799072
66628,0.5005308985710144
87076,0.5008677840232849
56017,0.500562846660614
36830,0.5002379417419434
61259,0.5005961656570435
106785,0.5004289746284485
102001,0.50046306848526
41694,0.500217854976654
59274,0.4980522394180298
69342,0.5007506608963013
52666,0.5006831884384155
78739,0.5004464983940125
103615,0.5002312064170837
96522,0.5006213188171387
33713,0.4975820779800415
94194,0.5008509159088135
56624,0.5003949999809265
14026,0.5004556775093079
37800,0.500601589679718
101163,0.5007008910179138
50282,0.5007012486457825
24359,0.5006942749023438
37213,0.5005163550376892
27574,0.5006197690963745
18777,0.5006301999092102
32485,0.5009365081787109
95455,0.5005959868431091
56526,0.5006230473518372
9732,0.5002263188362122
63133,0.5005783438682556
6017,0.5001805424690247
56227,0.5005254745483398
81330,0.5002270340919495
14674,0.5004051327705383
83842,0.5005106329917908
59121,0.5007878541946411
4795,0.5007488131523132
8699,0.49858957529067993
62846,0.5003992915153503
3664,0.5006385445594788
79101,0.5004863739013672
97114,0.5005700588226318
61736,0.5004459619522095
71338,0.500196099281311
75649,0.5006377696990967
47207,0.5007219314575195
69617,0.5000734925270081
92019,0.500656008720398
33803,0.5004631280899048
102709,0.501015841960907
60644,0.500544548034668
35921,0.5003389120101929
53503,0.5008031725883484
39017,0.5005636215209961
21033,0.5001945495605469
7356,0.5006181001663208
63010,0.5005619525909424
105483,0.49959251284599304
48414,0.500946581363678
34491,0.5005345344543457
98515,0.5008739829063416
44473,0.5004739761352539
16918,0.5005131363868713
5705,0.5005494356155396
50265,0.5006604790687561
69220,0.5004888772964478
54833,0.498971551656723
28549,0.5005771517753601
106607,0.5005589723587036
82444,0.500202476978302
61201,0.500617265701294
33681,0.5000891089439392
10979,0.5008112788200378
17203,0.5005789995193481
75276,0.5005860328674316
46716,0.5007261037826538
27002,0.5008995532989502
875,0.4999068081378937
73244,0.5004370212554932
42973,0.5009549260139465
87462,0.5006399154663086
79246,0.5003812313079834
80060,0.5006759762763977
83791,0.5004295706748962
95066,0.5005184412002563
65369,0.5007693767547607
17234,0.5009034872055054
33597,0.5007656216621399
57641,0.5004595518112183
79712,0.5005921721458435
90671,0.5005114078521729
68092,0.5005983710289001
87841,0.5006777048110962
26092,0.5005532503128052
19324,0.5006110668182373
64133,0.5005107522010803
64722,0.5006182789802551
67293,0.5006897449493408
13110,0.4983766973018646
15704,0.4990321099758148
90272,0.501109778881073
16320,0.5007857084274292
51605,0.5009335875511169
57816,0.5004410743713379
10303,0.500774621963501
81915,0.5005855560302734
22954,0.5008703470230103
20905,0.5007603764533997
94219,0.5007637739181519
59383,0.5005836486816406
55882,0.5006309151649475
105848,0.5007311701774597
76012,0.5005713105201721
28343,0.5000346899032593
12621,0.5009917616844177
20544,0.5004945993423462
68058,0.5003601908683777
45481,0.5002017021179199
43866,0.5008744597434998
43638,0.5007518529891968
78798,0.5000069737434387
51931,0.5004984140396118
81788,0.5003677606582642
39806,0.5004488825798035
104308,0.50065678358078
23191,0.5004478693008423
58799,0.5006663203239441
74274,0.5005980730056763
97712,0.5005121827125549
62011,0.5002239942550659
97060,0.5001485347747803
6430,0.5005665421485901
42197,0.49967333674430847
33642,0.5004916191101074
34385,0.500305712223053
56499,0.5009934902191162
103727,0.5007303953170776
22082,0.5006697773933411
5577,0.5005950331687927
18877,0.5006467700004578
72302,0.5002775192260742
48798,0.5009436011314392
95670,0.5010992884635925
12360,0.5001677870750427
99919,0.5005579590797424
57548,0.5008504390716553
8498,0.5010381937026978
55369,0.4999368190765381
64135,0.49620091915130615
96186,0.5001330375671387
88968,0.5011312961578369
16581,0.5005885362625122
69477,0.500120222568512
60073,0.5007248520851135
78470,0.5005668997764587
73934,0.5006060004234314
48728,0.5006025433540344
12948,0.5007171034812927
35801,0.5009812712669373
11714,0.5008132457733154
79286,0.5007296800613403
61682,0.5000434517860413
67216,0.5004673600196838
28124,0.49924904108047485
47487,0.5004689693450928
89951,0.5008742213249207
39746,0.5005979537963867
51772,0.500579297542572
74373,0.5002118945121765
91542,0.5000024437904358
11693,0.5008416771888733
58395,0.4987563490867615
10213,0.5001874566078186
87308,0.5005369186401367
52212,0.5003394484519958
21565,0.5007567405700684
38272,0.5004001259803772
45624,0.5005642771720886
63049,0.5006016492843628
86283,0.5006557106971741
61244,0.5007462501525879
84701,0.500636637210846
94243,0.5003911852836609
79039,0.5004758834838867
54726,0.5005423426628113
52867,0.5003400444984436
7832,0.5009212493896484
48004,0.5006082653999329
52691,0.5002822875976562
94319,0.5007267594337463
14013,0.5001686811447144
66372,0.5005204081535339
22294,0.4984343349933624
14732,0.500519335269928
105955,0.5005426406860352
57702,0.5005344748497009
89178,0.5006747245788574
31050,0.5002937912940979
40074,0.4995139241218567
23085,0.5007548332214355
8847,0.5008019208908081
43142,0.5005818605422974
24141,0.5005874633789062
75344,0.5004068613052368
44956,0.5005781650543213
100259,0.5002115964889526
15289,0.5006993412971497
40766,0.49990716576576233
75727,0.5006109476089478
16710,0.5005432963371277
3858,0.5000029802322388
51761,0.5008311867713928
57803,0.5009607076644897
18436,0.5005397796630859
21616,0.500048816204071
40997,0.5000175833702087
72876,0.500446081161499
98668,0.5004958510398865
17562,0.5007861852645874
53942,0.5005796551704407
7798,0.501052737236023
6728,0.500439465045929
68182,0.5004481077194214
32206,0.5004494786262512
2446,0.500782310962677
30812,0.5004785060882568
29775,0.5005276203155518
4146,0.5004918575286865
10519,0.5004050731658936
66933,0.5007309913635254
94981,0.5012223720550537
95320,0.5004231929779053
47430,0.500447690486908
35069,0.5005505681037903
76488,0.5004271864891052
33904,0.5007902979850769
86619,0.5010086894035339
91955,0.5006037950515747
6389,0.500517725944519
12914,0.5009293556213379
78123,0.5005617141723633
59570,0.5003109574317932
10892,0.500309944152832
31139,0.5004726648330688
47002,0.5007772445678711
15376,0.5008320808410645
84669,0.49711400270462036
28204,0.5004358887672424
49096,0.5006461143493652
95324,0.5010270476341248
46589,0.5008195042610168
16484,0.5001282095909119
92516,0.5005233287811279
88724,0.4996241629123688
65849,0.5008552670478821
51527,0.5008553862571716
60854,0.5007693767547607
11279,0.5004539489746094
67908,0.5009258389472961
82313,0.5002133250236511
79035,0.5004765391349792
91010,0.5002344846725464
27611,0.5005373358726501
7952,0.5012978911399841
19379,0.5005947947502136
66702,0.5005887746810913
2296,0.5004022717475891
28138,0.500516951084137
551,0.5004712343215942
67795,0.5004146695137024
39137,0.5005919933319092
25040,0.500791609287262
47656,0.5001302361488342
53154,0.5003123879432678
73026,0.5005772113800049
50163,0.5005443692207336
17664,0.5008231401443481
81237,0.5006280541419983
43288,0.500625729560852
101830,0.5007805228233337
68661,0.500503420829773
100832,0.5007602572441101
4191,0.5004181265830994
62424,0.5005043745040894
40305,0.5001992583274841
54860,0.5006389617919922
92588,0.5005893707275391
76669,0.5008059144020081
46395,0.5008309483528137
44253,0.5006334185600281
22443,0.5006686449050903
84100,0.501000702381134
42951,0.5008404850959778
51210,0.4999271035194397
18367,0.5004444122314453
12437,0.5004006028175354
57121,0.5007789731025696
5477,0.5005752444267273
81334,0.5007011890411377
102259,0.5004208087921143
56973,0.5003053545951843
55634,0.5005513429641724
50796,0.5005821585655212
64854,0.5001360774040222
17212,0.5005179643630981
95586,0.5000319480895996
96608,0.5006176829338074
8178,0.4998832046985626
69463,0.500828742980957
25843,0.5004722476005554
89879,0.5006235241889954
64458,0.5004556775093079
1825,0.5004815459251404
104937,0.5005785226821899
76514,0.5004220604896545
67638,0.4998176693916321
32550,0.50057053565979
2594,0.5005649924278259
104050,0.5005872249603271
15063,0.5006905794143677
7750,0.5005737543106079
78835,0.4911387264728546
62313,0.5005069375038147
79534,0.500649631023407
10735,0.5004647970199585
66647,0.501159131526947
80698,0.5008845925331116
106237,0.5007839798927307
14230,0.5004772543907166
24699,0.4989403486251831
20670,0.4996206760406494
24398,0.5008516311645508
28813,0.5004585385322571
90926,0.5006402730941772
21442,0.5004345774650574
15503,0.5012609958648682
104158,0.49597254395484924
11944,0.5006436705589294
54953,0.5002907514572144
100285,0.5004295110702515
92129,0.5005600452423096
86569,0.5008904337882996
51849,0.5001835227012634
59984,0.5003182291984558
84169,0.5005217790603638
85915,0.5005514621734619
26350,0.5006712675094604
81869,0.5009979009628296
101771,0.5005040168762207
71107,0.5001602172851562
8127,0.5003939867019653
67433,0.5005818009376526
103885,0.5001453757286072
14634,0.5002684593200684
35211,0.5007870197296143
78895,0.5008387565612793
78807,0.5011925101280212
14540,0.5000943541526794
34698,0.5007519125938416
103779,0.4996841847896576
9813,0.500629723072052
7716,0.5005643963813782
70272,0.5004116892814636
98794,0.49447038769721985
5378,0.5002383589744568
75584,0.5006494522094727
65199,0.5003774762153625
69468,0.5004612803459167
53908,0.5005139708518982
97132,0.5005678534507751
84136,0.500337541103363
65196,0.500701904296875
101330,0.500572144985199
45065,0.5003546476364136
101372,0.5005007982254028
40945,0.5005658864974976
36818,0.500360369682312
16262,0.49933990836143494
71302,0.50065016746521
56867,0.5006901621818542
31727,0.5003362894058228
22376,0.5003886222839355
93929,0.5008563995361328
18448,0.5000609755516052
29101,0.500723659992218
76956,0.5010535717010498
52458,0.5004794001579285
42922,0.5009569525718689
16743,0.5009506940841675
29879,0.5009070634841919
54016,0.49679356813430786
44531,0.500732421875
3780,0.5001839995384216
18492,0.5004887580871582
43326,0.5005829334259033
97048,0.5008236169815063
102784,0.5005701184272766
78950,0.5004472732543945
69256,0.5003873109817505
71845,0.5007125735282898
23511,0.5005203485488892
41984,0.5007336139678955
73207,0.5005843043327332
100220,0.5009911060333252
55424,0.500587522983551
61058,0.5003821849822998
61570,0.5005279183387756
85636,0.5006265044212341
91625,0.500785231590271
37965,0.5008082985877991
71595,0.5003474354743958
40247,0.5004997849464417
84223,0.5004950761795044
104638,0.5008652806282043
70859,0.5011433959007263
12624,0.5005185604095459
100127,0.5004697442054749
54697,0.5005280375480652
36640,0.5007289052009583
63935,0.5010253190994263
62422,0.5004557967185974
19138,0.5006899833679199
98037,0.5001034736633301
80946,0.5005651712417603
60171,0.5006482005119324
106524,0.5007109045982361
53120,0.5004169344902039
17020,0.500562846660614
96643,0.5005667209625244
20516,0.5007596611976624
53943,0.4998430609703064
12422,0.5004907846450806
99924,0.49989405274391174
84727,0.5002318024635315
105231,0.5007785558700562
57263,0.5009049773216248
70353,0.5010443925857544
33980,0.501042902469635
85067,0.5006334185600281
101473,0.5006011128425598
32806,0.5003594160079956
22737,0.5008734464645386
33701,0.5004304051399231
26272,0.5005295276641846
20245,0.5006126165390015
57009,0.5006056427955627
70177,0.5004701614379883
80949,0.5011547207832336
68868,0.5002347230911255
3463,0.5001770853996277
22480,0.5000041723251343
51061,0.5007449984550476
42467,0.5008787512779236
22644,0.5002247095108032
77987,0.50065678358078
38066,0.5001125335693359
74817,0.5005940198898315
33548,0.500608503818512
55282,0.5007665753364563
68474,0.5009945631027222
28750,0.5006418824195862
100953,0.49990084767341614
9783,0.5000224709510803
88666,0.5005546808242798
95892,0.5008265376091003
45165,0.5004727244377136
88759,0.5005442500114441
42942,0.5006282329559326
45155,0.5009341835975647
93405,0.5002076625823975
40672,0.5009076595306396
59171,0.5006764531135559
65048,0.5000027418136597
96568,0.5002711415290833
55750,0.5006107091903687
94417,0.5005471110343933
98907,0.5005916953086853
26355,0.5008602142333984
75221,0.5006592869758606
81834,0.5006614923477173
70358,0.5006706714630127
60686,0.5009276866912842
16970,0.5007364153862
105727,0.5009572505950928
27635,0.5007209777832031
22266,0.49965280294418335
72325,0.5005448460578918
73454,0.5010573267936707
61216,0.5005843043327332
15107,0.5005361437797546
20351,0.5004648566246033
7447,0.5006201863288879
27058,0.5004953742027283
52745,0.500024676322937
97367,0.5005359053611755
80966,0.5006224513053894
76862,0.5007918477058411
101425,0.5005719661712646
41987,0.5001893639564514
41607,0.500667929649353
24817,0.4998759329319
18230,0.5007166266441345
24592,0.5009050369262695
26735,0.5006473660469055
335,0.5007863640785217
23192,0.500561535358429
70543,0.5003605484962463
52914,0.5006476044654846
93275,0.5004595518112183
53299,0.500600278377533
73633,0.5008987188339233
6516,0.5007723569869995
62779,0.5006120800971985
37748,0.5005210638046265
32439,0.5005863904953003
26327,0.5000858902931213
72512,0.4998440146446228
34319,0.5001923441886902
71151,0.5003183484077454
75755,0.5004799962043762
95040,0.5004948973655701
14016,0.5007149577140808
64918,0.5007056593894958
54132,0.5007433891296387
15137,0.500406801700592
16885,0.5002307295799255
73850,0.5008631944656372
27701,0.49985721707344055
45458,0.5006024837493896
35206,0.5006421208381653
4690,0.5004541873931885
48327,0.5005832314491272
13359,0.5003657937049866
74847,0.5007147789001465
58263,0.5007268786430359
83921,0.5008538365364075
78541,0.5007651448249817
89353,0.5005832314491272
46859,0.5006483197212219
43017,0.5011680722236633
33143,0.5007561445236206
44724,0.4999849200248718
98313,0.5005802512168884
18397,0.500777542591095
33628,0.5002901554107666
83851,0.5011903643608093
59975,0.5009077787399292
90976,0.5007049441337585
17729,0.5008049011230469
103091,0.5002928972244263
48359,0.5006142258644104
52136,0.5010152459144592
92597,0.500558614730835
102907,0.5002605319023132
31101,0.5005329847335815
72001,0.500444769859314
26604,0.5008414387702942
32653,0.5006191730499268
92403,0.5007005333900452
19371,0.500424325466156
33679,0.5005687475204468
100430,0.4998376965522766
46581,0.5007433891296387
46918,0.5004637241363525
1939,0.5010460019111633
65741,0.5006631016731262
64268,0.5010278820991516
5722,0.50043123960495
52128,0.5005197525024414
32782,0.5008082985877991
55399,0.5001735091209412
67305,0.5000708103179932
27575,0.5004776120185852
10174,0.5006780028343201
20288,0.500710666179657
100583,0.5007721781730652
94644,0.5004335045814514
69259,0.5006297826766968
66508,0.5004011392593384
75933,0.5003939270973206
73087,0.5007826089859009
62772,0.5009082555770874
7082,0.5009545683860779
14313,0.5003014206886292
34351,0.5008788704872131
13661,0.5006635785102844
84983,0.5008510947227478
71650,0.5003662705421448
25289,0.500704288482666
53203,0.5007436871528625
104021,0.5004095435142517
45430,0.5006248950958252
13936,0.5006071925163269
36331,0.5004643201828003
69153,0.5008925795555115
28211,0.5002343058586121
14716,0.5005034804344177
102105,0.5009503960609436
14825,0.5008530020713806
73448,0.5006905794143677
25227,0.5003644227981567
70935,0.5005916953086853
24046,0.5006057024002075
16283,0.4937913119792938
31587,0.5006136298179626
21546,0.5004725456237793
79216,0.5006709098815918
59515,0.49403077363967896
21638,0.5004104971885681
106058,0.5000933408737183
83605,0.5004123449325562
36027,0.500577449798584
97547,0.5005689859390259
35922,0.5005970001220703
730,0.500564455986023
91023,0.5005285739898682
41874,0.49861714243888855
63479,0.5006930232048035
53948,0.5007895231246948
612,0.5001596808433533
44842,0.4991818964481354
88286,0.5006837844848633
19006,0.4987984001636505
15792,0.5003088116645813
31289,0.5009721517562866
5520,0.5009817481040955
102071,0.5008030533790588
51757,0.5000804662704468
101502,0.500571608543396
86153,0.5002630949020386
53017,0.5003515481948853
35422,0.5006439089775085
47390,0.5002214312553406
6754,0.500787079334259
15689,0.500891923904419
60671,0.5004411935806274
91200,0.5009177327156067
52291,0.4986351430416107
64996,0.50093674659729
105948,0.5006498694419861
9304,0.5005832314491272
80363,0.5009779334068298
34303,0.500677227973938
90897,0.500945508480072
6223,0.5009335875511169
30391,0.500359833240509
32600,0.500591516494751
22314,0.49991002678871155
46471,0.5008953213691711
62205,0.5002031922340393
9315,0.5007149577140808
88242,0.5002353191375732
16829,0.5003918409347534
10937,0.5008763074874878
75185,0.5008790493011475
2126,0.5006397366523743
66867,0.5007169842720032
27698,0.5010402202606201
69135,0.5006158351898193
28872,0.5004453659057617
73182,0.5002151727676392
99186,0.4999573826789856
53803,0.5007228851318359
15957,0.4930075407028198
13066,0.4998752176761627
59759,0.5005911588668823
78727,0.5008962750434875
87613,0.5006781816482544
97014,0.5007759928703308
15607,0.5002902746200562
95372,0.5006453394889832
13583,0.5005582571029663
21859,0.5005618929862976
37066,0.5004556775093079
20559,0.5000727772712708
28407,0.4999181032180786
22575,0.50058513879776
587,0.50056391954422
34019,0.5007545351982117
44046,0.5004715919494629
88009,0.4962979853153229
28935,0.499916672706604
8002,0.5001159906387329
89504,0.4993434250354767
41174,0.5008453130722046
61524,0.5000928640365601
47615,0.5005818605422974
105017,0.4998481869697571
102282,0.50079345703125
38116,0.5005858540534973
77889,0.5005828738212585
39771,0.5006833672523499
49032,0.5005075335502625
88482,0.5003414750099182
14111,0.5011248588562012
86854,0.5006445050239563
60957,0.5004823207855225
39641,0.5004824995994568
42799,0.5005567073822021
12118,0.5005249977111816
51727,0.5003280639648438
15511,0.5005806088447571
98396,0.5002797842025757
82341,0.5009168982505798
59102,0.5010842084884644
9319,0.5004666447639465
76311,0.5004482865333557
88119,0.5005419850349426
88687,0.5007816553115845
2030,0.5007082223892212
93612,0.5006228089332581
11548,0.5008541941642761
12642,0.5010476112365723
99898,0.5003988742828369
105337,0.500368595123291
71373,0.5004060864448547
79240,0.5005597472190857
2341,0.5001547336578369
70902,0.5004839301109314
96103,0.5008903741836548
41700,0.5007838010787964
7147,0.5008984804153442
7007,0.5011804699897766
28257,0.5005984902381897
34787,0.5008259415626526
85535,0.5009158253669739
56441,0.5006113052368164
2699,0.5007429718971252
8631,0.5005782842636108
84841,0.49992358684539795
39509,0.5007306933403015
43930,0.5005332827568054
47111,0.500664234161377
49131,0.5004669427871704
90388,0.5005344152450562
94044,0.5007399916648865
9162,0.5007047057151794
82380,0.5005166530609131
9411,0.5005595684051514
98182,0.5008808374404907
90514,0.500249981880188
31378,0.5005367994308472
45250,0.5005362629890442
9598,0.5005556344985962
97221,0.5006610751152039
81497,0.4964914321899414
98919,0.5000163912773132
27463,0.5006723999977112
5343,0.5007076859474182
17970,0.500434160232544
67267,0.5011883974075317
2920,0.5011013150215149
69177,0.5005826950073242
78678,0.5002946257591248
624,0.5009082555770874
93344,0.5004561543464661
46833,0.5008561015129089
6484,0.5007386803627014
34094,0.5005890727043152
68673,0.4998694956302643
102049,0.5004684925079346
78665,0.5003647804260254
30774,0.5010169744491577
71388,0.5005285739898682
18098,0.5005375742912292
61249,0.5002377033233643
37708,0.5000951290130615
64796,0.5007614493370056
31522,0.5006392598152161
15285,0.500396728515625
94412,0.5005563497543335
59543,0.5003930330276489
3384,0.5004469752311707
37901,0.5000075697898865
4160,0.5012881755828857
92593,0.5000395774841309
36246,0.5004080533981323
95420,0.500459611415863
100479,0.500979483127594
79834,0.5000725984573364
50875,0.4992678165435791
87895,0.5008751749992371
30615,0.5006341934204102
59995,0.5006113052368164
96199,0.5005943775177002
13289,0.500190019607544
29169,0.5005874037742615
36913,0.5005847811698914
25147,0.500601053237915
61781,0.5007347464561462
22565,0.5006459951400757
7300,0.5002452731132507
24634,0.5008838772773743
79365,0.5002401471138
16978,0.5009322166442871
29800,0.5007148385047913
41469,0.5004959106445312
77934,0.49918320775032043
69715,0.5010517835617065
2744,0.5005626678466797
18563,0.5005965232849121
96077,0.5004860758781433
23587,0.5005072355270386
10769,0.5005828142166138
75143,0.49918699264526367
38952,0.5007279515266418
92487,0.5003309845924377
92852,0.49942547082901
33741,0.5005139112472534
33902,0.49607038497924805
8387,0.5004283785820007
47210,0.5004057288169861
46410,0.500412106513977
100548,0.5002459287643433
840,0.500584065914154
16871,0.5008577704429626
69437,0.4968729019165039
80467,0.5007432699203491
39798,0.5002415776252747
1323,0.5002142190933228
106370,0.5004436373710632
41262,0.500633180141449
12529,0.5003412365913391
44727,0.49932849407196045
52761,0.5002620220184326
25451,0.5003036856651306
73342,0.5006057024002075
51204,0.5005632042884827
50219,0.5006940364837646
19132,0.5003948211669922
49538,0.5004547834396362
53730,0.5006795525550842
83910,0.500693142414093
29115,0.5003764629364014
41208,0.5006088614463806
45546,0.5005099773406982
24811,0.5003066658973694
45037,0.5007340908050537
75843,0.500415563583374
25941,0.5007209181785583
94261,0.500669002532959
19173,0.5010018944740295
48509,0.5007405877113342
93072,0.4992227852344513
58237,0.500636637210846
74013,0.5005040168762207
75227,0.5009585618972778
74340,0.5001691579818726
52427,0.5003579258918762
76151,0.500741720199585
47316,0.5008482933044434
55460,0.5008938908576965
97175,0.5000641345977783
38989,0.5006511211395264
10205,0.5008734464645386
82051,0.50075763463974
35157,0.5001341104507446
3684,0.5003499984741211
62742,0.5005002021789551
74496,0.5005621910095215
75673,0.5007809996604919
15522,0.5010316967964172
13945,0.5006945133209229
1132,0.5009567141532898
35054,0.5003040432929993
21891,0.5006940364837646
28508,0.4999375343322754
99815,0.5007089972496033
22532,0.5008300542831421
58976,0.5007386803627014
16774,0.5010380148887634
98786,0.5006510615348816
46517,0.500424325466156
17633,0.5005906224250793
11745,0.500567615032196
84784,0.5006349682807922
71139,0.5005937218666077
104770,0.5009807348251343
89719,0.5004440546035767
5742,0.5004888772964478
37390,0.5004621148109436
45416,0.5000977516174316
30994,0.5001534819602966
104066,0.5006889700889587
13560,0.5008528828620911
94239,0.5007038116455078
39032,0.5005108118057251
95684,0.5007646679878235
64663,0.5009181499481201
42612,0.5002630352973938
69293,0.5006091594696045
100463,0.4977112114429474
104864,0.5005030632019043
79177,0.5007370710372925
69146,0.5007521510124207
51569,0.5002123117446899
35303,0.5002143383026123
38169,0.5006600022315979
26110,0.5007111430168152
66133,0.5004914402961731
3140,0.5005759000778198
29193,0.5011467337608337
66040,0.5011647939682007
67577,0.500646710395813
75311,0.5006361603736877
8345,0.5011414289474487
90116,0.5010789036750793
46161,0.5008302927017212
84368,0.5004871487617493
78423,0.5000821352005005
56887,0.5005441308021545
10505,0.5009393095970154
83449,0.5005173683166504
75064,0.5005283355712891
45316,0.49940964579582214
81514,0.500585675239563
17823,0.5007806420326233
45536,0.5007275938987732
81655,0.5006178021430969
6158,0.5008934736251831
3300,0.5007544755935669
81142,0.5006555914878845
18928,0.5005961656570435
61741,0.4987596571445465
81049,0.5008330941200256
45626,0.5009899735450745
64241,0.5009444952011108
25516,0.5011149644851685
72170,0.5003723502159119
100821,0.5000383257865906
100960,0.4995769262313843
104637,0.5003458857536316
80263,0.5007752180099487
40346,0.4998812973499298
51405,0.5007559657096863
96165,0.5008086562156677
62043,0.5007612109184265
104120,0.5007324814796448
25968,0.5007230639457703
91802,0.5004535913467407
7133,0.5005552172660828
18262,0.5005843043327332
36397,0.5005314946174622
64608,0.5000796318054199
45205,0.5006576776504517
25746,0.5007867813110352
2804,0.5006486773490906
10138,0.5003818869590759
30962,0.5006644129753113
71016,0.500572681427002
8465,0.5004498958587646
59750,0.5003767013549805
94078,0.5005794167518616
30547,0.5001544952392578
69169,0.5007877945899963
48894,0.5006844401359558
64141,0.500516414642334
33295,0.5010567903518677
55670,0.5006406903266907
13345,0.5012156367301941
99022,0.500553548336029
55163,0.5008348226547241
71695,0.500311553478241
37627,0.5008072853088379
36532,0.500858724117279
38401,0.5005603432655334
65083,0.5003154873847961
98493,0.5010441541671753
23491,0.5004518628120422
47409,0.500630795955658
73059,0.5005642175674438
38282,0.5005660057067871
78331,0.5004849433898926
41343,0.5005638599395752
19089,0.5007241368293762
50730,0.500416100025177
29709,0.4996241629123688
17481,0.5005371570587158
80830,0.5006352066993713
5293,0.5005942583084106
22072,0.5006887912750244
70083,0.5007720589637756
82737,0.5005586743354797
84345,0.5005847215652466
58697,0.5008284449577332
39276,0.5004355311393738
39945,0.48939943313598633
33739,0.5000615119934082
3954,0.5005099177360535
16658,0.5004531145095825
57750,0.5005642771720886
20077,0.5002894401550293
86803,0.49892550706863403
2956,0.500627875328064
72623,0.5008856058120728
16102,0.5003918409347534
21732,0.5002698302268982
67154,0.5004865527153015
54507,0.5007184743881226
86594,0.500311017036438
35692,0.5005707740783691
65734,0.499715119600296
18208,0.5007302165031433
104960,0.5004118084907532
98614,0.5007754564285278
12300,0.5004336833953857
77125,0.48895490169525146
104456,0.5004770755767822
19143,0.5007206201553345
42960,0.5006852149963379
29258,0.5008481740951538
44894,0.5001755356788635
4672,0.49972692131996155
69189,0.5004971027374268
59597,0.5002683401107788
4210,0.5008090734481812
62642,0.5004484057426453
55902,0.5002108216285706
33596,0.5004352927207947
88952,0.49654749035835266
25537,0.5006179213523865
93630,0.5009433627128601
56945,0.500370442867279
89831,0.5004104971885681
28455,0.49948185682296753
101881,0.5004136562347412
99064,0.5007873773574829
2793,0.5006856918334961
59290,0.5003719329833984
6529,0.5007493495941162
102926,0.5002590417861938
91793,0.5007689595222473
33522,0.5005736947059631
20955,0.5003125667572021
92720,0.5005987286567688
57316,0.5005859732627869
53863,0.5007196664810181
4669,0.5006674528121948
28736,0.500874400138855
49200,0.5004733204841614
66982,0.4909500479698181
96637,0.5005460381507874
41900,0.5009358525276184
81511,0.5006188154220581
88616,0.5003023147583008
9190,0.5007928013801575
34235,0.4999616742134094
27646,0.500500500202179
39697,0.5006986260414124
58532,0.500291645526886
28966,0.5005955696105957
35518,0.5006591081619263
103877,0.5007545351982117
30623,0.5004180073738098
86938,0.5004956722259521
65653,0.5002983808517456
88180,0.48343542218208313
62795,0.5008671283721924
4105,0.5005389451980591
78024,0.5007921457290649
32038,0.5003580451011658
53792,0.5007042288780212
55852,0.5007109045982361
57315,0.500397801399231
9790,0.5008069276809692
17167,0.5007556080818176
3719,0.5008306503295898
75499,0.5004797577857971
47165,0.5004958510398865
73307,0.5004585981369019
41648,0.5003014802932739
69039,0.5002932548522949
105121,0.5003885626792908
43914,0.5005724430084229
71009,0.5005537271499634
95183,0.5009610652923584
30480,0.500602662563324
53988,0.5005346536636353
79258,0.5007010698318481
90968,0.5004821419715881
42384,0.5009593367576599
83707,0.50059974193573
4101,0.5004358291625977
56912,0.5003988742828369
60741,0.500271737575531
25120,0.5005514025688171
10721,0.5008886456489563
56580,0.5005083680152893
101869,0.5006007552146912
445,0.5008274912834167
20685,0.5005576014518738
23309,0.5005031824111938
77783,0.5009396076202393
63074,0.5007891654968262
107081,0.5007019639015198
70761,0.5002419948577881
73498,0.5010064840316772
31250,0.5004076361656189
72200,0.5004941821098328
51071,0.500536322593689
40842,0.5004383325576782
54965,0.5002151131629944
42180,0.5007932782173157
57221,0.5009820461273193
45115,0.5008540153503418
87784,0.5010083317756653
83808,0.5005984306335449
21793,0.5003944635391235
99415,0.5003530979156494
81686,0.500522792339325
98808,0.5001092553138733
48005,0.5003603100776672
59693,0.5001488924026489
22613,0.5007479786872864
10661,0.5004428625106812
93545,0.5005372762680054
36781,0.5003200173377991
49972,0.5008363723754883
100683,0.5005792379379272
79955,0.5005757808685303
83111,0.4968540072441101
14099,0.5001413822174072
85792,0.5006579160690308
27385,0.5007340908050537
33173,0.5005651712417603
75895,0.5004516243934631
84183,0.5008534789085388
37174,0.5002827644348145
89403,0.5006357431411743
57812,0.5004462599754333
3185,0.5004130005836487
39174,0.5009252429008484
69360,0.5008718967437744
22507,0.5006704926490784
81591,0.5004754066467285
102166,0.5004344582557678
34669,0.5000210404396057
82246,0.5004891753196716
5417,0.5001209378242493
45202,0.500785768032074
42806,0.5007783770561218
8407,0.5004311800003052
78372,0.5005139708518982
96394,0.500779390335083
5368,0.5004960894584656
34576,0.5000005960464478
4612,0.5003835558891296
89532,0.5004363059997559
86314,0.5004311800003052
95227,0.5004897713661194
77002,0.5003786683082581
86850,0.5008817315101624
83431,0.5007436275482178
8573,0.5005719661712646
83053,0.5003560781478882
92077,0.4994952976703644
66619,0.5007959008216858
2864,0.48911672830581665
93017,0.5004506707191467
83756,0.5004725456237793
6958,0.5001067519187927
106099,0.5007040500640869
92752,0.5004352927207947
26016,0.5005322098731995
9794,0.5005192756652832
55053,0.499773770570755
32697,0.5009236335754395
23931,0.5001519322395325
40261,0.5004865527153015
87744,0.5006864070892334
34747,0.5001015663146973
91828,0.5006344318389893
60789,0.5008260607719421
38808,0.4934961795806885
18662,0.5005369186401367
6236,0.5005568265914917
19728,0.49990203976631165
91822,0.4996965527534485
81110,0.5009526014328003
47527,0.5005130767822266
90318,0.5003010034561157
44876,0.5005817413330078
71809,0.5006377100944519
13625,0.49996113777160645
43644,0.500650942325592
83971,0.5006278157234192
82581,0.5011504292488098
42259,0.501064658164978
85536,0.50038743019104
8810,0.5011041760444641
78459,0.5008594989776611
33500,0.5005919933319092
4257,0.5002561211585999
93240,0.5006405711174011
18763,0.5010136365890503
11424,0.5002288222312927
12884,0.5005598664283752
59731,0.5006463527679443
22634,0.5007622241973877
62732,0.5003097057342529
82430,0.5005707144737244
97227,0.500116765499115
5764,0.5005046129226685
50370,0.5006335377693176
89427,0.5004528164863586
8497,0.5005289316177368
26922,0.500242292881012
40011,0.5006042718887329
22981,0.4885467290878296
10271,0.5002284049987793
37880,0.5008459091186523
83457,0.5003422498703003
29979,0.5006400346755981
22629,0.5005313754081726
90503,0.5004956126213074
15109,0.5005928874015808
86748,0.50067138671875
17755,0.5007123351097107
93089,0.5005678534507751
4336,0.5003425478935242
54923,0.500412106513977
20668,0.500260055065155
102335,0.500324547290802
79895,0.5006133913993835
88203,0.5003142952919006
57553,0.5006487965583801
61759,0.5001954436302185
40449,0.5005797147750854
37942,0.5008711218833923
52407,0.5009063482284546
97596,0.5005439519882202
15372,0.5005930662155151
71980,0.5003992915153503
8007,0.5004235506057739
5142,0.4946539103984833
76923,0.500453770160675
32475,0.5005780458450317
29178,0.5003345608711243
43300,0.5009512901306152
105217,0.5006969571113586
90316,0.5005828738212585
48026,0.5010644793510437
27332,0.49984997510910034
105230,0.4999646544456482
97829,0.5006167888641357
99198,0.49987104535102844
53937,0.5004622936248779
44244,0.49860864877700806
95415,0.5003435015678406
83331,0.5000542998313904
83346,0.5005448460578918
82768,0.5006101131439209
34756,0.5004919171333313
26171,0.5004642605781555
50245,0.5010298490524292
42457,0.5007250308990479
50373,0.5006532669067383
28575,0.5008642673492432
91319,0.5010333061218262
68711,0.5001968741416931
25464,0.5007419586181641
101221,0.5003995299339294
12830,0.5004384517669678
88138,0.5005874037742615
72978,0.5008934736251831
103836,0.5003935694694519
66988,0.5002879500389099
85081,0.49992823600769043
73508,0.5004979968070984
91178,0.5003159046173096
9724,0.5005998611450195
38974,0.5005792379379272
3592,0.5009685754776001
61440,0.500623881816864
86583,0.5005555152893066
106458,0.5009103417396545
13015,0.5004264116287231
21510,0.5004088878631592
48484,0.5008344054222107
104183,0.5004604458808899
71906,0.5007064938545227
59569,0.5002076625823975
60361,0.5005214214324951
2057,0.50066739320755
17177,0.5011440515518188
62283,0.5003712177276611
52036,0.5006328225135803
7523,0.49994611740112305
33337,0.500593900680542
107091,0.5004879832267761
63922,0.5006410479545593
54527,0.5006464123725891
52444,0.500663161277771
20137,0.5007843971252441
38681,0.5010246634483337
97847,0.5008342266082764
84840,0.5003623366355896
55970,0.500736653804779
41342,0.5008502006530762
59140,0.5002663731575012
66421,0.5006252527236938
8148,0.5002971291542053
104694,0.5008983612060547
40263,0.5005395412445068
31403,0.5005454421043396
58366,0.500880777835846
13510,0.5005604028701782
10521,0.500762939453125
62092,0.5011624097824097
4466,0.5008265972137451
55710,0.5006439685821533
62393,0.5005377531051636
29986,0.501045286655426
41376,0.5006229877471924
49512,0.5003435015678406
74880,0.5000136494636536
100373,0.5008425116539001
88792,0.5005632638931274
102491,0.5009745955467224
42734,0.5002666115760803
51057,0.5005092620849609
83560,0.5011044144630432
48485,0.5003589391708374
52786,0.5008742809295654
20893,0.5005328059196472
30127,0.5011579394340515
107087,0.5010477304458618
76504,0.500198483467102
41143,0.5003622174263
6901,0.5001487731933594
22673,0.5004833936691284
60889,0.4998779594898224
105169,0.4976462721824646
95140,0.5006231665611267
63297,0.49966850876808167
106392,0.5004828572273254
88395,0.500866711139679
102557,0.49438756704330444
23934,0.5009089708328247
82077,0.5009077787399292
11249,0.5009880065917969
49965,0.5002856850624084
73811,0.5004900097846985
48603,0.4997707009315491
45876,0.500726044178009
48268,0.5008006691932678
79541,0.5008068680763245
58721,0.5001236796379089
16201,0.5009200572967529
97864,0.5005686283111572
89613,0.5001654028892517
42372,0.500383734703064
38734,0.500819742679596
37127,0.5009971261024475
54144,0.5005286335945129
91637,0.5004383325576782
47504,0.5000434517860413
21559,0.5006932020187378
10931,0.5008175373077393
93217,0.500769853591919
21914,0.5006274580955505
10161,0.5003853440284729
103111,0.5006130933761597
79662,0.5007074475288391
105156,0.4999843239784241
85806,0.5008164048194885
44614,0.5009139180183411
41219,0.5003262162208557
71606,0.5005297064781189
95894,0.5007410049438477
80629,0.5007125735282898
23741,0.5005645751953125
87653,0.5005719065666199
51403,0.5005460977554321
87417,0.4977375566959381
100308,0.4975435435771942
35312,0.5003799796104431
25292,0.5006711483001709
74924,0.5007270574569702
32872,0.5008453726768494
30911,0.4941544532775879
101341,0.5005550384521484
104179,0.5004797577857971
63203,0.5005210041999817
50326,0.5002853870391846
105499,0.5003544092178345
10766,0.5007729530334473
1285,0.5009185671806335
51132,0.4998945891857147
6558,0.5004836916923523
37407,0.500907301902771
37418,0.500533401966095
27612,0.5004307627677917
54642,0.5004976391792297
66683,0.5005872845649719
11716,0.5004759430885315
55668,0.5004988312721252
105308,0.5010043382644653
17721,0.5003649592399597
15348,0.5005617737770081
84198,0.5004806518554688
87057,0.5005456805229187
43591,0.5005279779434204
82058,0.5005254149436951
103957,0.5004079341888428
71609,0.5006027221679688
71336,0.5002466440200806
3950,0.5009313225746155
95071,0.5005830526351929
7367,0.4997229278087616
67381,0.5006586313247681
94939,0.5004410147666931
27144,0.5006054043769836
65879,0.5005216002464294
28707,0.5008809566497803
103783,0.5001978278160095
1633,0.5008780360221863
3921,0.5008405447006226
59606,0.500315248966217
56268,0.4875390827655792
52884,0.5007386207580566
534,0.5006082653999329
32921,0.5004411339759827
75744,0.5007359981536865
53067,0.500855028629303
61464,0.5012051463127136
34755,0.5003085136413574
9339,0.5002267360687256
78018,0.5005247592926025
46704,0.5005688667297363
47227,0.5006427764892578
49061,0.5003148913383484
34870,0.5005179643630981
8242,0.5008161067962646
93720,0.4992082715034485
100551,0.5010829567909241
9180,0.5001041889190674
76741,0.5005433559417725
4263,0.5007256269454956
24905,0.5005092620849609
5098,0.5006696581840515
66297,0.500901460647583
40786,0.5008797645568848
84270,0.5001491904258728
47703,0.500784158706665
98906,0.5004403591156006
51148,0.5004352331161499
81097,0.5010669231414795
7699,0.5005236268043518
25472,0.50098717212677
25664,0.5005753040313721
64195,0.5005652904510498
78344,0.5012125372886658
97718,0.48913341760635376
37288,0.5005155801773071
3645,0.5003869533538818
48948,0.5004580020904541
72958,0.5008692145347595
16042,0.5005783438682556
71646,0.5003112554550171
85711,0.5005587339401245
100769,0.5007081031799316
65382,0.5005701184272766
73602,0.4939967393875122
4202,0.5005640983581543
22149,0.5005373954772949
40010,0.5006855726242065
27650,0.5007050633430481
100452,0.49582549929618835
80137,0.5007917881011963
28510,0.5006359815597534
7165,0.5005106329917908
101807,0.5007339715957642
39464,0.5006598234176636
75805,0.5005808472633362
91920,0.5010936260223389
39745,0.5009570717811584
82288,0.5005122423171997
102738,0.5004263520240784
45685,0.5004376769065857
41576,0.5008053779602051
62792,0.5008187294006348
55996,0.5006017088890076
47448,0.5004072189331055
75224,0.5002050399780273
9998,0.5004075169563293
66460,0.5006143450737
11277,0.5001888275146484
106840,0.500069797039032
13405,0.5006248950958252
56969,0.5005944967269897
9838,0.5007649660110474
35955,0.5006473064422607
25532,0.5005691051483154
21441,0.5006532669067383
9503,0.5005152225494385
8880,0.5009742379188538
16314,0.5010601878166199
59726,0.5007653832435608
86100,0.5004404783248901
82970,0.5006266236305237
39111,0.4999052584171295
87080,0.5010713338851929
76817,0.500886082649231
43078,0.5003361105918884
67620,0.5008294582366943
24319,0.5007757544517517
79643,0.5007214546203613
73709,0.500567615032196
95459,0.5006330013275146
96430,0.5008621215820312
16801,0.5007798075675964
46047,0.4987814426422119
55978,0.5005183815956116
27843,0.5003801584243774
34122,0.5005605816841125
43576,0.5004430413246155
83429,0.5005648136138916
1778,0.5004056096076965
67745,0.5003100037574768
21855,0.500048041343689
61740,0.5008922219276428
103793,0.5005778670310974
15920,0.5005722641944885
67490,0.5007123351097107
15756,0.5001360177993774
916,0.5005015730857849
69333,0.5004048347473145
157,0.5007086992263794
56053,0.5004043579101562
96323,0.5004914999008179
35005,0.5002427697181702
12926,0.5006651878356934
42523,0.5009249448776245
78491,0.5004816055297852
36954,0.5007250905036926
20095,0.5005442500114441
27457,0.4986124634742737
37067,0.5007126927375793
98125,0.5004790425300598
98454,0.5010960698127747
1655,0.4931650459766388
53739,0.5005307197570801
37825,0.5005752444267273
77336,0.4964592158794403
84582,0.500430166721344
67061,0.5004841089248657
3584,0.5010233521461487
90723,0.5003787875175476
65421,0.5004105567932129
84127,0.5002110600471497
75622,0.4990527629852295
42404,0.500626802444458
79522,0.500522255897522
72976,0.501094400882721
14077,0.5006095767021179
93324,0.5007023215293884
62303,0.5009801387786865
74728,0.500407874584198
73053,0.5005807876586914
18672,0.5008665919303894
107162,0.5005571246147156
68611,0.5004440546035767
97984,0.5009012222290039
64440,0.500852644443512
106360,0.500881016254425
12252,0.5004925727844238
68088,0.5005040168762207
59223,0.5006033778190613
7341,0.5006062388420105
52311,0.500886082649231
92580,0.5003527998924255
15850,0.5006939768791199
47112,0.50066739320755
17840,0.5005788803100586
63433,0.5001158118247986
30976,0.5006062984466553
59214,0.5005450248718262
11767,0.5006375908851624
2569,0.5000032782554626
34246,0.5001651644706726
68725,0.500341534614563
38118,0.5009799003601074
28619,0.5007919073104858
28721,0.5002338290214539
56811,0.500690221786499
32609,0.5004943609237671
98733,0.5007750391960144
60450,0.5010026693344116
42416,0.5005397796630859
63694,0.5002278089523315
70553,0.5001426339149475
22850,0.5001717209815979
48756,0.5009505748748779
57246,0.5002346038818359
104854,0.5004163384437561
100932,0.5011008381843567
1125,0.5005807280540466
39762,0.5010657906532288
52919,0.5009099841117859
29817,0.5002750158309937
101696,0.5006404519081116
5808,0.5005845427513123
67597,0.5010665059089661
104055,0.5004298090934753
46600,0.5004511475563049
97440,0.5003727674484253
58768,0.5007207989692688
35074,0.5005401372909546
99450,0.5009027719497681
68486,0.5005248785018921
33665,0.5008754730224609
52918,0.5008262991905212
90284,0.4998931586742401
101159,0.500420868396759
135,0.5012266039848328
38045,0.5006996393203735
56648,0.500564694404602
36159,0.500556468963623
64225,0.5002691149711609
92833,0.5001345276832581
4591,0.500761091709137
33095,0.5006345510482788
83857,0.5005097985267639
103262,0.5006904602050781
96494,0.5007445812225342
28081,0.5004375576972961
56014,0.5003919005393982
68780,0.5007922649383545
61532,0.5006274580955505
72605,0.5005539059638977
69316,0.5008400678634644
93904,0.5003206133842468
2934,0.5010021924972534
1878,0.500709593296051
85705,0.49982112646102905
91577,0.5005473494529724
7250,0.5005394220352173
48804,0.5004843473434448
95013,0.5008694529533386
50457,0.5005350112915039
46414,0.5001620650291443
3284,0.5005521178245544
71376,0.5008091330528259
44493,0.500573992729187
81588,0.4999697804450989
8994,0.5009234547615051
17124,0.48901066184043884
55422,0.5005150437355042
11562,0.5004121661186218
12086,0.5008468627929688
80526,0.5005969405174255
40115,0.5005947947502136
102586,0.5000938177108765
53343,0.5003705620765686
70382,0.4999452829360962
22615,0.5005340576171875
42924,0.5006864070892334
86601,0.5001879334449768
40393,0.5008217096328735
102281,0.5001164674758911
44481,0.5005618333816528
101276,0.5003125071525574
23296,0.5004541277885437
17649,0.5003400444984436
67509,0.5010199546813965
32363,0.5006048083305359
89440,0.49898794293403625
91099,0.5005889534950256
80637,0.5001637935638428
85526,0.5006003379821777
82456,0.5006598830223083
84242,0.5006456971168518
16361,0.5010978579521179
102119,0.5001042485237122
68479,0.5003129243850708
67209,0.5010470151901245
18542,0.500424861907959
92854,0.5006971955299377
93243,0.5005757212638855
91451,0.5002894997596741
5295,0.5004977583885193
60797,0.5005372762680054
38001,0.5009471774101257
94119,0.5004139542579651
57684,0.5004132986068726
73427,0.4999343156814575
65312,0.5004768371582031
79589,0.5006240606307983
56257,0.5006901621818542
103145,0.500598669052124
56980,0.5002831816673279
15829,0.5009580850601196
6905,0.5003633499145508
57594,0.500380277633667
63118,0.5007838010787964
10383,0.5010108947753906
50890,0.5004425048828125
73451,0.5008086562156677
75946,0.5005976557731628
15132,0.5009984970092773
10636,0.5006752014160156
70920,0.500716507434845
29213,0.5006004571914673
92386,0.5007209181785583
76339,0.5005517601966858
76246,0.5002521872520447
99785,0.5005181431770325
89465,0.5006733536720276
55918,0.501104474067688
45899,0.500942051410675
39400,0.5004734992980957
17310,0.5007510781288147
31284,0.500560998916626
55262,0.5004913210868835
40292,0.5002256631851196
10063,0.5000292062759399
96989,0.5006973743438721
69908,0.5005232095718384
27525,0.5004066824913025
23382,0.500837504863739
22213,0.5005185604095459
75722,0.5008650422096252
100231,0.5006048083305359
43606,0.5005654692649841
697,0.5010432004928589
18823,0.5004662871360779
94353,0.5006151795387268
14417,0.5006176829338074
87023,0.5010582208633423
20149,0.49963250756263733
42557,0.5004869103431702
68970,0.5008688569068909
63926,0.5008057951927185
88152,0.5006144642829895
12998,0.5006930232048035
57911,0.5002886652946472
94631,0.4977807402610779
14833,0.5006028413772583
69160,0.5006009340286255
26277,0.5004656314849854
10398,0.5011292099952698
106582,0.5007057189941406
51161,0.5005421042442322
11660,0.49991804361343384
84105,0.500548779964447
44266,0.5007228851318359
20714,0.5004525184631348
40284,0.5005718469619751
29765,0.5007560849189758
21739,0.5002007484436035
57896,0.5005294680595398
98889,0.500903308391571
21034,0.5004476308822632
93075,0.5005031228065491
39388,0.5006021857261658
34445,0.5006545186042786
89148,0.4990914762020111
100822,0.5009688138961792
87616,0.49987074732780457
43267,0.5002378225326538
77726,0.4989711344242096
74819,0.5005660653114319
34091,0.500603199005127
36160,0.5010039806365967
16567,0.5009274482727051
36427,0.5002663731575012
89343,0.5004546046257019
5236,0.5000196099281311
19656,0.5004962682723999
17120,0.5004997253417969
78119,0.5005527138710022
67326,0.5007855892181396
56988,0.5001295804977417
42774,0.500413715839386
4252,0.5008856058120728
45036,0.5005643963813782
93503,0.5007516741752625
36503,0.5010225176811218
6668,0.5011136531829834
56927,0.49928921461105347
91031,0.49994659423828125
38040,0.5005580186843872
8788,0.5000991225242615
44341,0.5005589127540588
30446,0.5007787346839905
22399,0.5005409717559814
19626,0.5005964636802673
57714,0.5010545253753662
106679,0.5006262063980103
101317,0.5005908012390137
11638,0.5005838871002197
80259,0.5003670454025269
43094,0.5004822611808777
97482,0.500495195388794
97261,0.5008895993232727
56527,0.5005747079849243
66716,0.5002243518829346
75174,0.4991334080696106
80517,0.49998581409454346
96147,0.5008772611618042
73544,0.5005215406417847
101381,0.5003074407577515
5786,0.5005096197128296
11843,0.5007626414299011
13605,0.5007449388504028
15923,0.5009350776672363
78457,0.5005607604980469
89640,0.5007234811782837
61076,0.5005977749824524
65399,0.501015305519104
21070,0.5006576776504517
13288,0.5005996823310852
92767,0.5004555583000183
88463,0.5000778436660767
5771,0.4998401403427124
52482,0.5004987716674805
52211,0.5004556775093079
35699,0.5003646016120911
82819,0.5005646347999573
58323,0.5011038780212402
79455,0.50086909532547
101021,0.5006022453308105
101900,0.5007363557815552
100855,0.5002346038818359
48913,0.5000953078269958
8422,0.5006073117256165
21591,0.5004985332489014
68410,0.500880777835846
82562,0.5004732608795166
20162,0.5006929039955139
35733,0.5001283884048462
83896,0.5006998777389526
79445,0.4992116093635559
87804,0.500255286693573
17189,0.5003489255905151
23028,0.5000280737876892
14654,0.5010559558868408
43912,0.5002157092094421
105665,0.4990183413028717
81324,0.5003259778022766
37554,0.5003528594970703
65714,0.5002221465110779
80642,0.5003952383995056
24924,0.49343249201774597
104113,0.5005808472633362
97902,0.5006203055381775
32324,0.5004560947418213
46628,0.5005949139595032
22477,0.500548779964447
26253,0.5002965331077576
59764,0.500389575958252
74929,0.5003849267959595
62838,0.5005019903182983
41245,0.5008483529090881
106914,0.5006354451179504
38662,0.5004847645759583
83189,0.5005708336830139
77736,0.5005328059196472
60421,0.5005544424057007
12258,0.500773012638092
47169,0.5006622672080994
56070,0.5005451440811157
99194,0.5005443096160889
104296,0.5007295608520508
90967,0.5002461075782776
50117,0.5005549788475037
4203,0.5003594756126404
44757,0.5003982186317444
78023,0.4999327063560486
100320,0.5005465745925903
40426,0.5005241632461548
40344,0.49996399879455566
20063,0.5005179047584534
94130,0.5002557039260864
34724,0.5004736185073853
100774,0.5004696846008301
2965,0.5006237030029297
71324,0.5008269548416138
46590,0.5005590915679932
17034,0.5004521608352661
14757,0.5004028677940369
72404,0.4998035132884979
26576,0.5005321502685547
17312,0.5004720687866211
95378,0.500629186630249
77843,0.5008551478385925
88236,0.5006962418556213
15364,0.5006490349769592
104748,0.5005247592926025
20900,0.5006453990936279
93581,0.5002650022506714
71,0.4972712993621826
80931,0.5003429651260376
40609,0.5004162192344666
93206,0.5005296468734741
94585,0.5007017850875854
41345,0.5007597804069519
93711,0.5009007453918457
3892,0.5006046295166016
29616,0.5008935928344727
39536,0.5005576014518738
9635,0.5004429221153259
26716,0.50055330991745
96815,0.5008515119552612
37465,0.4936642646789551
64776,0.5006625652313232
55191,0.5007035732269287
49384,0.5004847645759583
98150,0.5003630518913269
5983,0.5002893805503845
55979,0.5004860162734985
54609,0.5006215572357178
32907,0.490349680185318
90159,0.5000563859939575
81811,0.5004534125328064
7903,0.5006618499755859
82655,0.5006533861160278
28323,0.500678300857544
100157,0.5003308057785034
14820,0.500472903251648
68270,0.5004854798316956
29311,0.500200092792511
24196,0.5006848573684692
38767,0.5005874037742615
5309,0.5005728006362915
24604,0.5006872415542603
15359,0.50030118227005
25016,0.5008330345153809
34009,0.5011100769042969
59027,0.4984423816204071
31696,0.5006049871444702
69253,0.5004004836082458
74784,0.5000587105751038
77584,0.5006885528564453
16787,0.4955257177352905
42800,0.5005372166633606
86632,0.4895845353603363
3360,0.5006361603736877
74757,0.49924319982528687
105540,0.5001792311668396
59718,0.5010917782783508
1718,0.5008531212806702
31278,0.5009312033653259
21179,0.5006547570228577
90986,0.500090479850769
47055,0.5004805326461792
100970,0.5006749033927917
88689,0.5006620287895203
25021,0.5003635883331299
42462,0.50058913230896
47329,0.5004170536994934
5460,0.5005027651786804
21478,0.500663161277771
21844,0.5009750723838806
77282,0.5005130171775818
66671,0.49570128321647644
56501,0.5001198053359985
60408,0.5010660290718079
37442,0.5007697939872742
65504,0.5001591444015503
94680,0.5004613995552063
25638,0.5005930662155151
26857,0.5006222128868103
30161,0.5006329417228699
19249,0.500739336013794
19272,0.5001246929168701
101223,0.5007241368293762
25996,0.5000011920928955
74216,0.5004781484603882
7180,0.500259518623352
68770,0.5009204149246216
6169,0.5004351735115051
78728,0.5006218552589417
8912,0.49968698620796204
44692,0.5004277229309082
5796,0.5005901455879211
96444,0.5004540681838989
22025,0.5007337331771851
67542,0.5003631711006165
39829,0.49721759557724
63480,0.5004419684410095
24746,0.500599205493927
8869,0.5010468363761902
28270,0.5006453990936279
17620,0.5007102489471436
63764,0.5007537603378296
63645,0.5006637573242188
94642,0.5002491474151611
76334,0.5004686713218689
75870,0.5005642771720886
34423,0.5004516243934631
39206,0.500544011592865
52695,0.5003718137741089
44667,0.5004674792289734
93087,0.50069260597229
82078,0.500812828540802
38856,0.5003265142440796
44589,0.500820517539978
54968,0.5005201101303101
53493,0.49734678864479065
94457,0.5006632208824158
20758,0.5006750226020813
76530,0.4916094243526459
97913,0.5003141164779663
107013,0.500561535358429
82356,0.5005199909210205
21399,0.5005265474319458
58494,0.5002908706665039
37976,0.5006512403488159
61479,0.5006006956100464
2431,0.5004681944847107
62209,0.5006166696548462
15426,0.5006101131439209
94139,0.500863790512085
13017,0.5006104707717896
82215,0.5008627772331238
56462,0.5005355477333069
33241,0.5008414387702942
47577,0.5009861588478088
82529,0.5009012222290039
51906,0.500834584236145
90797,0.5006267428398132
98464,0.5001658201217651
38836,0.5009821057319641
82556,0.5005265474319458
54209,0.5004615187644958
71204,0.49611374735832214
89986,0.49445489048957825
9441,0.4948436915874481
2382,0.5010063052177429
97624,0.5006924271583557
64522,0.4995879828929901
62720,0.5005345940589905
63260,0.5007906556129456
46366,0.5009386539459229
20018,0.5006841421127319
95759,0.5008543729782104
41475,0.5006666779518127
22357,0.5006206035614014
27428,0.5007756948471069
27990,0.5005592703819275
54772,0.5014020204544067
24712,0.5001965761184692
7205,0.5006170272827148
12194,0.5006102323532104
100588,0.5006875395774841
66999,0.5008583664894104
47513,0.5006190538406372
103881,0.49380365014076233
92995,0.5007234215736389
63769,0.4996567368507385
36527,0.5001508593559265
93808,0.5005213618278503
13250,0.5004367828369141
74570,0.5005373358726501
76458,0.5007447600364685
79467,0.500542938709259
60931,0.5005750060081482
28392,0.5005822777748108
2066,0.5004367232322693
82596,0.5006590485572815
92902,0.5004831552505493
79623,0.5008271336555481
76197,0.5004278421401978
62060,0.5006656646728516
19675,0.499927818775177
85056,0.5003615021705627
76790,0.5007438659667969
89036,0.5008307099342346
105060,0.4996451139450073
87598,0.5006945133209229
8811,0.5006235837936401
65186,0.500572681427002
96504,0.5006771683692932
51370,0.5006151795387268
20954,0.5005767941474915
14384,0.49958714842796326
75075,0.5010283589363098
105486,0.5010076761245728
58219,0.5006079077720642
90856,0.5010660886764526
38246,0.49933505058288574
13794,0.5005519986152649
45460,0.500954806804657
38350,0.5007621645927429
51286,0.500483512878418
69129,0.5005638003349304
62307,0.5003368854522705
25937,0.5005559921264648
96685,0.500702977180481
88296,0.5007248520851135
23100,0.5006119608879089
63373,0.4996899366378784
30548,0.5007990598678589
57481,0.48892247676849365
75015,0.5007458329200745
28009,0.5006399750709534
65271,0.5006767511367798
30923,0.5007562041282654
38234,0.5005964040756226
98658,0.500887393951416
36138,0.5007838606834412
71234,0.5003837943077087
36834,0.5007259845733643
18327,0.5006070733070374
73897,0.5002658367156982
98523,0.5007066130638123
44093,0.5005192160606384
78230,0.5005298852920532
29537,0.500749945640564
96994,0.5007533431053162
61463,0.5006408095359802
47503,0.5010359287261963
84628,0.5002371072769165
33697,0.50055330991745
7664,0.5003341436386108
102577,0.5004213452339172
57598,0.5004833936691284
101337,0.5009379386901855
44242,0.500546932220459
40509,0.500454306602478
106230,0.500328004360199
94979,0.5005478858947754
39277,0.5000530481338501
1103,0.5006136298179626
52694,0.500503420829773
98301,0.5009539127349854
45047,0.5006807446479797
92421,0.5007587671279907
63527,0.5007081627845764
99354,0.5010039806365967
24653,0.5005989670753479
3650,0.5008388161659241
92368,0.49914923310279846
31691,0.5007363557815552
99264,0.5009839534759521
70625,0.5007758140563965
59442,0.5005889534950256
36904,0.5007979273796082
76594,0.5007553100585938
51094,0.5006842017173767
54796,0.5005506277084351
16359,0.5004432797431946
43475,0.5007388591766357
14904,0.5004584789276123
18225,0.5009487271308899
21746,0.5004758834838867
91365,0.5006445646286011
49509,0.5007695555686951
6862,0.5006890296936035
32973,0.5007126331329346
31736,0.5004327893257141
70198,0.5006944537162781
96185,0.5003405809402466
68163,0.5003792643547058
62480,0.5008686780929565
9796,0.4981437921524048
58856,0.5006069540977478
98594,0.4998716413974762
48215,0.4993226230144501
41876,0.5013957023620605
55372,0.5005280375480652
53819,0.5003116130828857
40964,0.5006218552589417
39785,0.5002976059913635
84252,0.5005393624305725
24881,0.5002346038818359
59551,0.5008811950683594
94934,0.5004174113273621
73316,0.5000219941139221
38688,0.5008602142333984
84428,0.500690758228302
24959,0.5003973245620728
52262,0.5000863671302795
7973,0.5007122159004211
4535,0.5007883906364441
57248,0.5005717277526855
51268,0.5009045600891113
35606,0.5004145503044128
24109,0.5008055567741394
38380,0.5004818439483643
21466,0.5005549192428589
46404,0.5005680918693542
7629,0.5002821683883667
104026,0.5007212162017822
98556,0.5005372762680054
13492,0.5001119375228882
70499,0.5005545616149902
19664,0.500899612903595
17732,0.5006833672523499
57639,0.5006009340286255
23925,0.5008142590522766
67036,0.5004996061325073
63907,0.5001447796821594
47528,0.5008916854858398
56591,0.5005276203155518
90598,0.5005585551261902
23272,0.5005260109901428
105984,0.49793338775634766
39878,0.5009546279907227
90430,0.5007047057151794
25496,0.5005088448524475
54257,0.49997013807296753
73962,0.49869492650032043
55229,0.5009456872940063
92703,0.5008239150047302
88087,0.5005049109458923
66877,0.5003982782363892
40634,0.499889999628067
44284,0.5004977583885193
60860,0.5007663369178772
51419,0.5014327764511108
7202,0.5005568861961365
31373,0.5009787678718567
19159,0.5003628134727478
56830,0.500613808631897
4651,0.5002778768539429
32591,0.5005322694778442
66858,0.501129150390625
104887,0.5002316832542419
21724,0.5009995698928833
2300,0.5006081461906433
87101,0.5007694959640503
63342,0.49865204095840454
60131,0.5005670189857483
41712,0.5005812048912048
67422,0.500484049320221
41436,0.500630795955658
96764,0.5000985860824585
22425,0.5004826188087463
14074,0.5008809566497803
40157,0.5006324648857117
79972,0.5004444122314453
73049,0.5002859830856323
21087,0.5007245540618896
15123,0.49975907802581787
62453,0.5002944469451904
11463,0.5002220273017883
20470,0.5006021857261658
14846,0.4901525378227234
84401,0.5007275342941284
55485,0.500604510307312
58853,0.5003859996795654
76432,0.5006275177001953
11042,0.5006689429283142
21945,0.500738263130188
66300,0.49938860535621643
99439,0.5002656579017639
103587,0.5009198188781738
25155,0.5003064274787903
55318,0.5006721615791321
552,0.5005825757980347
13676,0.5009270310401917
8550,0.5006955862045288
69830,0.5003487467765808
17051,0.5001708269119263
67049,0.5005180835723877
17302,0.5009312033653259
60304,0.5008254051208496
37252,0.5005017518997192
68955,0.5005080699920654
22759,0.5004705786705017
101744,0.5007166266441345
88006,0.5003142952919006
84681,0.5009844303131104
40573,0.5011469721794128
38144,0.5008389353752136
99086,0.5006305575370789
62729,0.5011588335037231
43599,0.5004801750183105
43628,0.5006783604621887
4299,0.5009016394615173
57146,0.5003823637962341
104464,0.5004352927207947
17001,0.5008456707000732
50131,0.5008614659309387
20091,0.500900387763977
40732,0.500697135925293
52880,0.5006008148193359
60414,0.5009005665779114
104612,0.5005034804344177
46476,0.500471830368042
100335,0.5007320642471313
66799,0.5003014802932739
56503,0.5007432103157043
31616,0.5007001161575317
10889,0.5011366009712219
88749,0.5004220604896545
8157,0.5003005266189575
51234,0.5007369518280029
452,0.5005354881286621
102601,0.500650942325592
58299,0.4994364082813263
71493,0.5005089640617371
28453,0.5005082488059998
86185,0.5008711814880371
77641,0.5006338953971863
83232,0.5007286667823792
6003,0.5003930926322937
30076,0.5003319382667542
100000,0.5003281235694885
65002,0.5003470778465271
105207,0.5005353689193726
36824,0.5005446672439575
1634,0.5000428557395935
105978,0.5004493594169617
60831,0.5008472204208374
31530,0.4998774826526642
8745,0.5005074739456177
52151,0.500674307346344
23481,0.5008481740951538
100706,0.5006975531578064
31785,0.5008242726325989
73638,0.5009946823120117
30514,0.5009395480155945
95942,0.5005451440811157
101397,0.5005180239677429
29352,0.5005713105201721
78898,0.5005977153778076
72271,0.5009731650352478
21124,0.5007557272911072
73922,0.5007128119468689
17687,0.500484049320221
20103,0.5007196664810181
42805,0.5007516741752625
70994,0.5008844137191772
35768,0.500977635383606
94034,0.500737190246582
22971,0.5002908706665039
72373,0.5005491971969604
105008,0.5006138682365417
64388,0.5002326369285583
27709,0.5004972219467163
63655,0.5006012916564941
62981,0.4999893307685852
57133,0.5008203387260437
80257,0.499688059091568
52226,0.5006709098815918
30023,0.5007739067077637
60731,0.5006500482559204
105408,0.4999603033065796
37988,0.5009962320327759
12743,0.49775055050849915
104293,0.5005730986595154
86318,0.49072831869125366
13853,0.5005825161933899
71228,0.5007097125053406
61309,0.5005168318748474
2561,0.5007016062736511
88497,0.5006058216094971
47812,0.5008466839790344
49097,0.4986993670463562
56769,0.5009052157402039
1636,0.5004950761795044
43807,0.5003471374511719
71529,0.5004531741142273
17792,0.49985525012016296
29051,0.49987319111824036
16886,0.5003417134284973
93546,0.5005349516868591
100085,0.500546932220459
57120,0.5006483793258667
9226,0.5007808804512024
40121,0.5005099773406982
39123,0.5003989934921265
5065,0.5006117820739746
39749,0.5002858638763428
44240,0.5011971592903137
15753,0.5011982321739197
102695,0.4999401569366455
96922,0.5001213550567627
84376,0.5007883906364441
6971,0.500877857208252
69532,0.5010105967521667
21552,0.5007616877555847
96626,0.5005316734313965
68507,0.5007196664810181
91522,0.500392735004425
58877,0.5006518959999084
12209,0.5006586909294128
14153,0.5011042356491089
87985,0.49929705262184143
12308,0.5007215738296509
80234,0.5008655786514282
89301,0.500764787197113
31424,0.5002899169921875
75706,0.5009002685546875
17126,0.49957263469696045
48742,0.5013201832771301
91497,0.5006526112556458
68297,0.49962446093559265
95310,0.4967879354953766
26060,0.49911701679229736
70451,0.5007768869400024
798,0.5010544061660767
93850,0.5004311203956604
25018,0.5005072355270386
22400,0.5010163187980652
22174,0.500330924987793
13391,0.5009950399398804
54791,0.49957275390625
2642,0.500067412853241
67213,0.5002852082252502
27889,0.49983757734298706
87372,0.5004185438156128
100776,0.4995631277561188
39723,0.5005632042884827
103809,0.5007516145706177
51725,0.5004672408103943
67129,0.500510036945343
87060,0.5006904602050781
96530,0.5004547238349915
40302,0.5011436343193054
24038,0.49992096424102783
34258,0.5005854368209839
106629,0.5000218749046326
15543,0.5003852844238281
87383,0.5005941987037659
1015,0.4998779594898224
97485,0.5007308125495911
67644,0.500527560710907
66203,0.5008624792098999
84154,0.5006087422370911
24414,0.48789384961128235
56141,0.5005573630332947
75383,0.499879390001297
53768,0.5005048513412476
28929,0.5005643963813782
23852,0.5005160570144653
1297,0.5007749795913696
73347,0.50059974193573
52950,0.5004337430000305
10811,0.5005114674568176
58896,0.5010135173797607
68070,0.5012158155441284
64562,0.5001083016395569
102229,0.5007686614990234
100812,0.4999935030937195
49250,0.4988418221473694
13035,0.5001286268234253
45861,0.5009233355522156
43825,0.5007692575454712
79567,0.5006370544433594
21486,0.5000050663948059
3324,0.5004866123199463
107164,0.5008342266082764
26780,0.5004564523696899
77676,0.5005059838294983
56804,0.5006916522979736
77658,0.5005401372909546
73143,0.5006305575370789
96275,0.5004804730415344
41414,0.5005292892456055
48807,0.5010488033294678
69427,0.4998018443584442
139,0.5004649758338928
37206,0.5007236003875732
30436,0.5010854601860046
17017,0.5004662275314331
23718,0.4999518394470215
55378,0.5006914734840393
4892,0.5001477003097534
16589,0.5005775690078735
18204,0.5001518130302429
8205,0.5006127953529358
56744,0.500723659992218
8053,0.5005660653114319
85850,0.5003858804702759
17765,0.5010377764701843
65323,0.5009242296218872
38352,0.5007967352867126
22841,0.500117301940918
79699,0.5007787346839905
14831,0.500551700592041
28240,0.5004608631134033
12536,0.5006899833679199
44152,0.5007347464561462
66864,0.5008718371391296
49004,0.5006983280181885
105381,0.5012391805648804
85548,0.5009472370147705
36613,0.5009227991104126
86481,0.5004687309265137
10075,0.5005353689193726
54197,0.5006808042526245
70970,0.5009191632270813
55435,0.48882222175598145
83324,0.5006068348884583
66816,0.5006893277168274
48267,0.5006084442138672
36636,0.5007165670394897
72138,0.5006587505340576
57278,0.5008314251899719
71659,0.5008137226104736
102210,0.5004209876060486
39170,0.500671923160553
10423,0.5003804564476013
1630,0.500845730304718
52409,0.5006209015846252
74633,0.500648558139801
23859,0.5005156397819519
94716,0.5005199313163757
70644,0.5005508661270142
74105,0.5002964735031128
106755,0.5003440976142883
42476,0.5005360245704651
27598,0.5005192160606384
38586,0.5005413889884949
45556,0.5007899403572083
62264,0.5006972551345825
10318,0.5007429122924805
78770,0.5008795857429504
80509,0.5004571080207825
58271,0.5005397796630859
74134,0.5005785226821899
99903,0.5005102157592773
82988,0.5004410743713379
95205,0.5006071329116821
95741,0.5005025863647461
80661,0.5005272030830383
94682,0.5006051659584045
56607,0.5005629062652588
92900,0.5009961724281311
96137,0.5007776618003845
94344,0.5005060434341431
27722,0.5009797215461731
80310,0.4999654293060303
922,0.5009109973907471
25571,0.5006664395332336
58516,0.5009142756462097
106511,0.5008726716041565
52788,0.5006091594696045
105406,0.5010755062103271
88057,0.5008665323257446
29097,0.5004360675811768
34909,0.5004417896270752
75042,0.5005172491073608
11886,0.5004421472549438
89965,0.5006042718887329
48375,0.5009176731109619
96484,0.5005345940589905
70676,0.500575602054596
83287,0.5010435581207275
102033,0.5007002949714661
1765,0.5013374090194702
96066,0.5008817315101624
89316,0.5001215934753418
626,0.5007956027984619
60314,0.5004982948303223
85348,0.5005672574043274
29251,0.5005172491073608
48886,0.49707478284835815
57687,0.500309407711029
31118,0.5004336833953857
28689,0.5001134276390076
92961,0.5006051659584045
16310,0.5000833868980408
44436,0.5004921555519104
70378,0.5005440711975098
39568,0.5003345012664795
27441,0.5008424520492554
28939,0.5005912780761719
43110,0.5005401968955994
9082,0.5003657937049866
104837,0.5003200173377991
75890,0.5007697939872742
3688,0.5005358457565308
53825,0.5003578066825867
62324,0.500802218914032
103507,0.49988433718681335
106541,0.5000755190849304
97431,0.5004984736442566
93525,0.5004651546478271
55075,0.5003092885017395
98795,0.5007776618003845
71928,0.5007320642471313
58959,0.5004894137382507
68242,0.5006563067436218
94908,0.5004634857177734
3244,0.5005863308906555
103068,0.5004684925079346
2925,0.5004951357841492
34196,0.5007044672966003
91161,0.500109851360321
94596,0.5009661316871643
78960,0.5009552240371704
55380,0.5005605220794678
33881,0.5005035996437073
71565,0.5008745789527893
11832,0.5000135898590088
85390,0.5006157755851746
50684,0.5005654692649841
99934,0.5008739829063416
77377,0.5005852580070496
76935,0.5004243850708008
104175,0.5004145503044128
12528,0.5007373690605164
75265,0.5008008480072021
95712,0.5007501244544983
65433,0.4992905259132385
10431,0.5008986592292786
51297,0.5007535219192505
90393,0.5005080103874207
487,0.5003328919410706
104511,0.5002785325050354
89320,0.5009468793869019
46443,0.5000011920928955
93423,0.5006725192070007
38846,0.5006821155548096
44979,0.5004768967628479
73142,0.5007888674736023
69730,0.5004119277000427
6899,0.5006080269813538
78210,0.49995923042297363
69950,0.5007034540176392
45936,0.500230073928833
105329,0.5009108185768127
106726,0.500540554523468
69820,0.5005494952201843
87051,0.5006133913993835
7554,0.5005531907081604
88367,0.500877320766449
36258,0.5009758472442627
24848,0.5006227493286133
25340,0.5003458857536316
76019,0.5005658864974976
49687,0.5009809732437134
103964,0.5006200075149536
24116,0.5010064244270325
89840,0.5006381869316101
55265,0.5005311965942383
21513,0.49931085109710693
14011,0.5007736682891846
74797,0.5005624890327454
106509,0.5009322762489319
31239,0.5008203387260437
77948,0.5010319948196411
31083,0.500377893447876
71017,0.5005308985710144
58123,0.5005714893341064
86986,0.5005558133125305
90834,0.5007275342941284
28049,0.5011548399925232
23547,0.5011258125305176
101750,0.49982649087905884
79995,0.500656247138977
69207,0.50038081407547
30465,0.5006052851676941
60786,0.5009777545928955
84190,0.500145435333252
14807,0.5006021857261658
90045,0.5005659461021423
38429,0.5004187822341919
14622,0.5004459023475647
44434,0.5004557967185974
64333,0.5006855726242065
95306,0.5008865594863892
26137,0.500790536403656
76680,0.5009123086929321
27861,0.5003350973129272
76113,0.5001540780067444
99383,0.500508725643158
67210,0.5006895661354065
106836,0.5006674528121948
83887,0.5005319714546204
92123,0.5004395246505737
12806,0.5000494718551636
49958,0.5006192922592163
41165,0.5008732676506042
102918,0.5004435181617737
59475,0.5007022023200989
55272,0.5010035037994385
45885,0.5006122589111328
8720,0.5005084872245789
22847,0.5006542205810547
18951,0.5004230737686157
76600,0.5005298256874084
70407,0.5005163550376892
80197,0.5003585815429688
89087,0.5006625652313232
38945,0.5007247924804688
48070,0.5004732012748718
80022,0.5006954073905945
101121,0.5004624724388123
50475,0.5005052089691162
20313,0.5007969737052917
103960,0.5011059045791626
98087,0.5005310773849487
85487,0.5009468793869019
50001,0.5005257725715637
91222,0.5007694959640503
63071,0.5004323720932007
42397,0.5004234313964844
45032,0.5001816749572754
37891,0.5004457235336304
3642,0.500677227973938
32947,0.5005962252616882
37430,0.5008199214935303
76430,0.5009358525276184
39591,0.5004205107688904
66009,0.500019371509552
45415,0.5005985498428345
70006,0.5005710124969482
57592,0.5004618763923645
1712,0.5008481740951538
4496,0.4969545602798462
72693,0.5007468461990356
62701,0.5006486773490906
94551,0.5005244016647339
54202,0.5010092854499817
1309,0.5000496506690979
84751,0.5006465315818787
71737,0.5003982186317444
31353,0.5005956292152405
27296,0.5004899501800537
32193,0.5005985498428345
72367,0.5013110041618347
13260,0.5005583167076111
75259,0.5006260871887207
1628,0.4981510043144226
35217,0.5010250210762024
5328,0.5006208419799805
10568,0.5009986162185669
79074,0.5004609823226929
17025,0.5004976987838745
99638,0.5006492733955383
67734,0.5010430216789246
22777,0.5007743835449219
85719,0.5003763437271118
7506,0.5001445412635803
86728,0.50055330991745
73467,0.5012654662132263
67086,0.5002778768539429
3107,0.500349223613739
46597,0.5007129311561584
10922,0.5007656812667847
67556,0.5004339814186096
7441,0.5009003281593323
31089,0.500597357749939
61601,0.5010284781455994
14847,0.5004516243934631
35697,0.5004857182502747
64197,0.5005760788917542
46963,0.4999912977218628
41147,0.49999845027923584
13811,0.5007351040840149
68928,0.5003440976142883
35308,0.49394088983535767
94983,0.5009730458259583
74508,0.5001698732376099
44931,0.5004766583442688
30960,0.5007575750350952
91080,0.500614583492279
49216,0.5003946423530579
34340,0.5000186562538147
75536,0.5006213188171387
76424,0.5004528760910034
105797,0.500169038772583
76336,0.5005159378051758
34164,0.5004185438156128
91149,0.5004703402519226
7162,0.500508725643158
18604,0.5004924535751343
83905,0.500615119934082
44615,0.5004667043685913
92168,0.5005226731300354
5462,0.500649631023407
85219,0.5004766583442688
26937,0.5010188221931458
10670,0.5007760524749756
57,0.5004746317863464
93177,0.5006564259529114
34485,0.5007087588310242
68925,0.5006304979324341
100142,0.500700831413269
73993,0.5007414817810059
15790,0.4999889135360718
106598,0.500593900680542
90142,0.5000910758972168
96949,0.5007641911506653
40049,0.5004440546035767
98288,0.5002312660217285
43452,0.5003950595855713
22569,0.5003280639648438
5611,0.500942051410675
37750,0.5009380578994751
26421,0.5007655620574951
92422,0.5001379251480103
89352,0.5005626082420349
45761,0.50043785572052
52232,0.5002018809318542
90421,0.5004029870033264
78709,0.5002804398536682
56320,0.500869631767273
37763,0.5007230043411255
46567,0.5011011362075806
68911,0.5004259347915649
27099,0.5005665421485901
73795,0.500830888748169
59380,0.5006846189498901
48205,0.4999885559082031
43413,0.500596284866333
9655,0.5005030632019043
32377,0.5005739331245422
30523,0.4997898042201996
64260,0.5005569458007812
12302,0.5005901455879211
69453,0.4998984634876251
62392,0.5005278587341309
78449,0.500749945640564
52714,0.5004487633705139
87352,0.5008047223091125
61091,0.5005370378494263
63242,0.5005530118942261
66399,0.5005130171775818
54903,0.5003699660301208
67957,0.5003945827484131
88573,0.5007510781288147
42545,0.5006182193756104
17008,0.5003016591072083
87917,0.5006454586982727
23181,0.5007637739181519
95015,0.5005202293395996
4188,0.500760555267334
72957,0.5004211068153381
98126,0.501086950302124
73695,0.5007489919662476
86412,0.5006356835365295
87550,0.49984294176101685
98272,0.5010755658149719
105660,0.5006684064865112
89434,0.5008328557014465
44125,0.5001768469810486
90837,0.5006406903266907
46442,0.5003132224082947
75672,0.5005158185958862
31938,0.5005331039428711
49532,0.5004708766937256
65836,0.5004700422286987
85029,0.5002468824386597
71793,0.5007753968238831
28148,0.5004962086677551
18266,0.5005524754524231
68352,0.5006251931190491
27061,0.5007557272911072
22985,0.5006082653999329
91305,0.5006332993507385
8795,0.5005525350570679
50663,0.5002534985542297
37397,0.5004908442497253
20058,0.500251054763794
9312,0.5004027485847473
80532,0.5004210472106934
14830,0.5004922747612
103737,0.5004635453224182
48438,0.5003560781478882
34089,0.5009703636169434
32605,0.5004108548164368
62126,0.5007103085517883
99398,0.5003862977027893
25307,0.5008069276809692
708,0.5008963942527771
65514,0.5008604526519775
61917,0.5009519457817078
70611,0.5002408623695374
20762,0.5004803538322449
64985,0.5005624890327454
93723,0.5006726384162903
61541,0.5005314350128174
29197,0.5006333589553833
79929,0.5005185604095459
22641,0.500190258026123
92709,0.5011588335037231
38048,0.5003785490989685
7305,0.5004779696464539
21740,0.5005765557289124
85485,0.5005819201469421
3615,0.5003906488418579
11020,0.5003405809402466
25188,0.5007314085960388
43652,0.5001905560493469
36192,0.5009151101112366
75957,0.5007666945457458
88832,0.5008821487426758
60444,0.5005014538764954
89932,0.5008120536804199
94105,0.5008021593093872
4755,0.5005946159362793
41737,0.5006389021873474
79543,0.5004037618637085
5273,0.5005254149436951
68791,0.5003253221511841
60228,0.5008090138435364
61289,0.5006908774375916
18009,0.5007889866828918
1837,0.5007154941558838
79532,0.5007573962211609
55273,0.5006143450737
21431,0.5006104707717896
64794,0.500491738319397
81887,0.5009302496910095
17964,0.4982898533344269
10972,0.5001145601272583
9294,0.5006685853004456
1983,0.5001627206802368
31490,0.5004441738128662
3548,0.500578761100769
38711,0.5008400678634644
55591,0.5006851553916931
32376,0.5006817579269409
23684,0.5005353093147278
57874,0.5008509159088135
48713,0.48915231227874756
5106,0.5004653930664062
56224,0.5008301734924316
43354,0.5009734630584717
25836,0.5003716349601746
55845,0.5006950497627258
2588,0.5003392100334167
1845,0.4993324875831604
11254,0.5005640387535095
49014,0.4996489882469177
59168,0.5008181929588318
32158,0.500607430934906
106482,0.5003370046615601
103536,0.5001461505889893
18105,0.5006445646286011
89530,0.5006983876228333
20602,0.5000591278076172
28623,0.5010234713554382
44630,0.5005921125411987
8252,0.5009063482284546
32280,0.49890413880348206
54952,0.5006358027458191
11378,0.5008730292320251
57914,0.5005607008934021
31376,0.5004415512084961
26646,0.5007798075675964
55328,0.5003859996795654
5958,0.5008713006973267
63839,0.5005149841308594
69304,0.5001325607299805
3100,0.5002656579017639
37173,0.49887457489967346
100453,0.4994937479496002
12253,0.5005633234977722
74226,0.4947647750377655
28495,0.5000416040420532
12372,0.5007802844047546
73968,0.5007691979408264
56212,0.5008723139762878
12655,0.5001199841499329
69853,0.5006386637687683
67111,0.5008354187011719
8325,0.5007427334785461
91304,0.500367283821106
93245,0.5005669593811035
17300,0.5004459619522095
17331,0.5006462335586548
6291,0.5002797245979309
14892,0.5005266070365906
103278,0.5008581876754761
97196,0.5005174279212952
26858,0.5006774663925171
34982,0.5010143518447876
74003,0.500446081161499
29347,0.5005054473876953
21220,0.5006101727485657
82090,0.5010789632797241
41613,0.5008763074874878
64303,0.5004726648330688
22182,0.5005389451980591
13504,0.5003909468650818
106774,0.5008997917175293
97978,0.5006116032600403
39162,0.5006601214408875
90912,0.5006564259529114
103240,0.5003339052200317
103157,0.500615119934082
48423,0.5009456872940063
53055,0.5006005764007568
87595,0.5005958080291748
80780,0.5005124807357788
78794,0.5002076029777527
67805,0.5008612871170044
60188,0.500836193561554
67146,0.5003610849380493
52978,0.5000066757202148
61623,0.5006213188171387
76558,0.5003966689109802
48118,0.5005898475646973
48547,0.5001668930053711
21302,0.5006435513496399
29500,0.5006257891654968
21585,0.5008651614189148
103436,0.5004125833511353
78681,0.5003250241279602
84602,0.5004710555076599
81342,0.5004262924194336
67363,0.5007750988006592
63318,0.5007114410400391
18802,0.5004721283912659
26594,0.49994826316833496
106701,0.5004953145980835
63187,0.5004724264144897
25393,0.4999691843986511
70867,0.500533938407898
96689,0.500381588935852
94172,0.5002395510673523
4913,0.500958263874054
29337,0.5001570582389832
18759,0.5003238320350647
86816,0.5010151863098145
84442,0.49880337715148926
28896,0.5006402134895325
25659,0.5007875561714172
2345,0.49978360533714294
22781,0.5004743933677673
93530,0.500476062297821
58435,0.5010371208190918
16096,0.49997764825820923
76360,0.4986676871776581
92650,0.5006214380264282
94136,0.4999198913574219
12855,0.5007253289222717
48613,0.4990723729133606
98930,0.5004485249519348
17850,0.5006700754165649
68426,0.5008325576782227
8807,0.5003049373626709
77682,0.5008123517036438
70262,0.49973246455192566
101688,0.5004133582115173
34538,0.5008940696716309
13445,0.5008834004402161
69689,0.5005707740783691
87006,0.5003378987312317
51615,0.5005147457122803
69533,0.5009487271308899
15420,0.500652015209198
25501,0.49388423562049866
75037,0.5008389353752136
82250,0.5004821419715881
34582,0.5009925961494446
34900,0.5006215572357178
106606,0.5003074407577515
68574,0.5004426836967468
78879,0.5006411671638489
72523,0.5004851818084717
74109,0.4999842643737793
102780,0.5010347366333008
41350,0.5007318258285522
6776,0.5010958313941956
4752,0.49883756041526794
79710,0.5006049871444702
94872,0.5010489821434021
87768,0.500269889831543
84545,0.5002402067184448
47364,0.5006069540977478
29565,0.500891387462616
38176,0.5007394552230835
1523,0.5007614493370056
71965,0.5006147027015686
46011,0.5005007386207581
101166,0.5005621910095215
96157,0.49991288781166077
4599,0.5004904866218567
57139,0.5005282163619995
46502,0.49013417959213257
32147,0.5006784200668335
8727,0.501025378704071
64,0.5008576512336731
87977,0.49986955523490906
81911,0.500994861125946
62494,0.500465452671051
98355,0.5008231997489929
13701,0.5004557371139526
60982,0.5006940960884094
92575,0.5006809234619141
48249,0.5001215934753418
34171,0.50052410364151
89055,0.5004538893699646
20920,0.5009621381759644
44323,0.5009694695472717
93856,0.5008351802825928
29936,0.49976593255996704
84606,0.5004675388336182
14714,0.5006946921348572
98673,0.5005303025245667
103736,0.5006662011146545
82642,0.5006920695304871
12030,0.5008618831634521
51674,0.500649094581604
12718,0.5005311369895935
106852,0.5002188682556152
16294,0.5010725259780884
66475,0.5005729794502258
41485,0.5006546378135681
30323,0.5005410313606262
83992,0.5003563165664673
54682,0.5004487633705139
92127,0.5004245042800903
35902,0.5006614327430725
28139,0.4943118691444397
90412,0.50075763463974
74418,0.500831127166748
78510,0.5003563761711121
100330,0.5007849335670471
29036,0.5006563663482666
44485,0.5008567571640015
16848,0.5008543729782104
10544,0.501108705997467
94780,0.50084388256073
21582,0.4997299015522003
87225,0.5005632042884827
93669,0.5006691217422485
87901,0.5005419850349426
49697,0.5001125931739807
5036,0.5006321668624878
67043,0.5006960034370422
85540,0.5005142688751221
43921,0.5001922249794006
12644,0.5005112290382385
2676,0.49985817074775696
58412,0.5006102323532104
12909,0.5004491209983826
95061,0.5005630850791931
61837,0.5009763240814209
93884,0.500769317150116
8939,0.5004212260246277
84360,0.500779926776886
75469,0.5001643300056458
16441,0.5005013346672058
26500,0.5004861354827881
26617,0.49989113211631775
70080,0.5006199479103088
4320,0.5006440281867981
87274,0.5005772709846497
77249,0.500639021396637
49626,0.5008020997047424
6237,0.5002622604370117
35626,0.49610090255737305
102000,0.5004058480262756
83002,0.5008063316345215
104492,0.5005934834480286
18532,0.5007481575012207
87016,0.5010701417922974
90720,0.5004523992538452
93144,0.5005549788475037
47367,0.500374436378479
98201,0.5003745555877686
97722,0.5005106329917908
41849,0.5002573132514954
26633,0.500788688659668
77169,0.5005712509155273
57349,0.5008099675178528
91177,0.5006176233291626
22794,0.5005776882171631
14637,0.5012454986572266
104038,0.49946531653404236
49505,0.5000205636024475
39769,0.5005006194114685
75395,0.5002655386924744
84177,0.49975037574768066
90804,0.5005133152008057
17129,0.500616729259491
24386,0.5009357333183289
73235,0.5005528926849365
40321,0.5004972815513611
93445,0.500596821308136
101488,0.5008338093757629
62,0.500447690486908
150,0.5005707740783691
26870,0.5004741549491882
85644,0.500581681728363
16864,0.5009283423423767
9800,0.5005162358283997
60156,0.5007906556129456
100967,0.5005475878715515
91352,0.5004366636276245
84613,0.5004916787147522
46913,0.5005871057510376
58417,0.5006954669952393
45651,0.5006444454193115
42020,0.5007497072219849
34497,0.5003104209899902
92156,0.5009965896606445
96062,0.500478982925415
15862,0.5008541941642761
19527,0.5006739497184753
51620,0.500444233417511
83964,0.5006088614463806
11283,0.5008428692817688
56397,0.5005373358726501
70095,0.5007840991020203
5355,0.5002277493476868
3853,0.5006598830223083
82993,0.5009666085243225
82541,0.5008975863456726
8571,0.5003846883773804
59954,0.5005196928977966
32906,0.5006579756736755
80732,0.5004435777664185
25197,0.5005982518196106
19175,0.5006039142608643
65975,0.5007290840148926
35001,0.5001014471054077
7468,0.5001547932624817
81927,0.5008589625358582
100585,0.5000640153884888
41885,0.5007038712501526
19845,0.500605046749115
14709,0.5009266138076782
86121,0.5005180239677429
50416,0.5003716349601746
39496,0.500572919845581
92117,0.5008756518363953
41500,0.5008654594421387
90525,0.5006818771362305
55859,0.5002331733703613
59665,0.5003467798233032
62490,0.500961422920227
15347,0.5003459453582764
104307,0.5010377764701843
74223,0.5006405711174011
11063,0.5006178021430969
83506,0.5001778602600098
6916,0.500764787197113
79549,0.5006476640701294
80961,0.501319169998169
55185,0.5002480149269104
86688,0.5006617307662964
38336,0.4967469871044159
75289,0.4990924894809723
31850,0.5004743337631226
67058,0.5006316304206848
3142,0.5003380179405212
20576,0.5005038380622864
58998,0.500963032245636
74310,0.5007668137550354
20310,0.5009020566940308
79457,0.5006035566329956
54490,0.5005671977996826
5551,0.5009878873825073
26589,0.5008015632629395
30949,0.5007081627845764
80634,0.5006929039955139
24053,0.5005629062652588
105705,0.5006912350654602
71481,0.5005233287811279
76219,0.5009281635284424
13259,0.49543696641921997
10688,0.501120924949646
53517,0.5006052851676941
43806,0.4934467673301697
21306,0.5004690289497375
58650,0.5005112290382385
42221,0.4994082450866699
28489,0.5004914999008179
105906,0.5002152323722839
44764,0.5006260275840759
51940,0.5006773471832275
53776,0.500251829624176
74872,0.5004410743713379
86885,0.5004328489303589
14008,0.5006397366523743
80154,0.5004931092262268
30459,0.5005587935447693
36850,0.5003067851066589
19357,0.5007795095443726
103820,0.5002917647361755
77806,0.5002455115318298
43592,0.5005325078964233
91314,0.5004098415374756
102915,0.49984413385391235
83656,0.500676691532135
34066,0.5005735754966736
65063,0.5004197359085083
105304,0.5006628036499023
94799,0.5000301599502563
81931,0.5006591081619263
102755,0.5006909370422363
91521,0.5002694129943848
105307,0.5001333355903625
4994,0.5004143714904785
55303,0.5010746121406555
13462,0.5005665421485901
48714,0.5006197690963745
18107,0.5004405379295349
47219,0.5003884434700012
69705,0.5007122159004211
49115,0.5007337331771851
24789,0.500342607498169
54685,0.49399638175964355
13191,0.5006299614906311
70514,0.4998944103717804
97653,0.5005195736885071
49100,0.5007924437522888
66241,0.4999851584434509
75096,0.5008656978607178
51437,0.5006872415542603
3485,0.5004401803016663
73283,0.5010528564453125
78073,0.500181257724762
60245,0.500718355178833
91386,0.5005757808685303
84247,0.5005252957344055
46800,0.5006960034370422
89578,0.5006402730941772
102579,0.4999328851699829
60142,0.5008270144462585
12605,0.5008378028869629
94193,0.5005033612251282
3262,0.5007891058921814
89167,0.5002496838569641
89102,0.5000215768814087
98102,0.5001163482666016
92864,0.5004600286483765
4026,0.5006815195083618
78523,0.5005589127540588
66934,0.5006454586982727
30775,0.5004616975784302
77984,0.5007789134979248
61830,0.5007969737052917
86793,0.50067138671875
3088,0.5004452466964722
92361,0.5006099343299866
70055,0.5008395314216614
7589,0.5005583167076111
7321,0.5006508231163025
53376,0.5009915232658386
61157,0.5003914833068848
19255,0.5009546875953674
52728,0.5007588863372803
92812,0.5004072785377502
7334,0.5005556344985962
77022,0.5013299584388733
1514,0.5007942318916321
3021,0.5005953907966614
72,0.5005767345428467
51949,0.5004342794418335
39748,0.5005727410316467
24668,0.5004982352256775
69159,0.500669002532959
299,0.5001566410064697
88560,0.4992375075817108
53647,0.5009216666221619
37116,0.5006195306777954
88047,0.5006511211395264
104297,0.5009942054748535
18150,0.5000746250152588
41495,0.5004181265830994
87072,0.49975013732910156
84509,0.5004954934120178
66345,0.500419020652771
85910,0.500711977481842
93319,0.4872452914714813
99571,0.5005624890327454
69020,0.4999874234199524
45649,0.5005598664283752
19278,0.5005640983581543
39419,0.501090943813324
90724,0.49993014335632324
29701,0.5003290772438049
95971,0.5005220174789429
88105,0.49998271465301514
34031,0.4999125897884369
6197,0.500320553779602
80768,0.5002803802490234
101621,0.4997563362121582
50213,0.5005626082420349
29831,0.5006301999092102
97230,0.500468909740448
6515,0.5006869435310364
44625,0.5007854700088501
80198,0.5007354021072388
31448,0.5004873275756836
92797,0.5003980398178101
81488,0.5006352066993713
82624,0.5004233121871948
101000,0.5005842447280884
68204,0.5013887286186218
106980,0.5005441904067993
46656,0.5006194114685059
29895,0.5005361437797546
48271,0.5007895231246948
59674,0.5003722906112671
17209,0.5007848739624023
70143,0.5008504986763
22053,0.5009855031967163
29008,0.5005263686180115
2770,0.5000351667404175
101525,0.5005219578742981
87696,0.5002196431159973
39562,0.5006886720657349
49435,0.5001010894775391
40823,0.5005837082862854
63705,0.5001369714736938
56819,0.5007560849189758
97881,0.5009506940841675
6760,0.5008876919746399
28540,0.5000506639480591
78209,0.500261664390564
91063,0.5001648664474487
102830,0.5003454685211182
18571,0.5001204609870911
40967,0.5004085898399353
64391,0.5006490349769592
71605,0.5005300641059875
8656,0.5006074905395508
23453,0.5001556873321533
8292,0.5007679462432861
68623,0.5005688071250916
70141,0.500461995601654
93759,0.49994683265686035
47030,0.5006872415542603
56920,0.500499427318573
58010,0.500542163848877
71866,0.500970184803009
7377,0.5008280873298645
6387,0.5007530450820923
73694,0.5001043677330017
34839,0.5007116794586182
8274,0.5001779794692993
10859,0.5006908178329468
98069,0.5006538033485413
50225,0.5008591413497925
33496,0.5006082653999329
97355,0.500705897808075
77204,0.5006572604179382
51034,0.5004056096076965
98613,0.5008959770202637
102538,0.5009918212890625
26262,0.500758171081543
27246,0.5005050897598267
61517,0.5008094906806946
48877,0.5004926323890686
97466,0.5008704662322998
20765,0.5007022023200989
50907,0.50047767162323
20357,0.5004143118858337
89118,0.5003871321678162
88826,0.5002396106719971
79998,0.5005115866661072
23686,0.500885009765625
44738,0.5008212327957153
47441,0.500653088092804
26675,0.5005055069923401
89018,0.5010128021240234
54426,0.5006170868873596
26917,0.5007702708244324
39330,0.4987405836582184
72454,0.5006720423698425
512,0.5010516047477722
27000,0.49903276562690735
16916,0.5004271864891052
82601,0.500520646572113
50585,0.5005576014518738
90157,0.5005716681480408
99011,0.5009587407112122
11090,0.5005208849906921
56882,0.5006827116012573
46807,0.5005043745040894
26274,0.5004677176475525
21057,0.5006079077720642
107016,0.5001443028450012
29285,0.5003044605255127
26994,0.5005469918251038
54882,0.5004563927650452
97151,0.5005561709403992
101908,0.500512957572937
58321,0.5003554224967957
72935,0.5007190108299255
35038,0.5005703568458557
31558,0.49898865818977356
30229,0.5004652142524719
66387,0.5010824799537659
106184,0.5004412531852722
32157,0.5003507137298584
37322,0.5005511045455933
97778,0.500100314617157
100556,0.5005960464477539
21107,0.5004729628562927
14565,0.5006660223007202
106771,0.5006579756736755
31702,0.5003068447113037
28968,0.5005342364311218
15262,0.5009573698043823
106853,0.5005836486816406
84107,0.5005777478218079
36081,0.5006406903266907
99310,0.5010101795196533
85288,0.5006459951400757
31700,0.5008437037467957
69457,0.5012384057044983
65445,0.5003029108047485
51328,0.5002991557121277
23469,0.5005831122398376
41656,0.5007232427597046
68236,0.5009764432907104
4543,0.5006786584854126
105551,0.49157893657684326
106499,0.500882625579834
33682,0.5005995035171509
82662,0.5006867051124573
96711,0.5010000467300415
8946,0.5001906752586365
52833,0.5010885000228882
100177,0.5008733868598938
75365,0.500576913356781
56614,0.5008026361465454
93146,0.5003738403320312
15623,0.5009870529174805
61031,0.4999513030052185
40030,0.5000587701797485
63009,0.5000117421150208
50512,0.5010138154029846
33745,0.5004063844680786
77126,0.5006185173988342
58831,0.5001317262649536
85528,0.5008578896522522
86769,0.5005577802658081
12353,0.5004872679710388
5033,0.49966874718666077
43805,0.49991703033447266
8236,0.5007144212722778
1005,0.5005868673324585
44333,0.5005306601524353
38577,0.5003471374511719
62334,0.5007451176643372
27401,0.5006063580513
78839,0.5006220936775208
3940,0.5009355545043945
23793,0.5007646083831787
100263,0.5007953643798828
102002,0.4962458908557892
51731,0.500855028629303
65989,0.5005590319633484
59878,0.5008932948112488
28048,0.5006414651870728
77972,0.500255823135376
105413,0.5005855560302734
10633,0.5004671216011047
84009,0.500234842300415
69394,0.5006411671638489
68091,0.5008847117424011
12153,0.5003416538238525
83996,0.5005143284797668
94985,0.5003248453140259
84160,0.5007896423339844
102031,0.5005632042884827
88072,0.5002697110176086
54589,0.5006071925163269
6543,0.5005385875701904
1951,0.5004357099533081
80496,0.5004882216453552
28686,0.5005914568901062
46858,0.5007129311561584
24178,0.5003729462623596
15417,0.5006588697433472
61325,0.5010595917701721
96179,0.5005872249603271
19755,0.49778878688812256
80528,0.5007953643798828
35917,0.500556230545044
85424,0.5006639957427979
21490,0.496767520904541
55313,0.5000036358833313
13235,0.500128984451294
17378,0.500454306602478
3754,0.500227689743042
7603,0.5003941059112549
38664,0.5004562139511108
75116,0.5005487203598022
65638,0.5002105832099915
53353,0.5006518959999084
100516,0.5009896755218506
18288,0.5005471110343933
85445,0.5005168318748474
67231,0.5014684200286865
72174,0.5007327795028687
34922,0.5005171298980713
71299,0.5006454586982727
105802,0.5007758140563965
87938,0.5003577470779419
35328,0.5009739995002747
15184,0.5009588599205017
62637,0.5006077885627747
14237,0.5007231831550598
95613,0.5004664063453674
9311,0.5007818341255188
6338,0.5006065964698792
66264,0.5003977417945862
72899,0.5005511045455933
100726,0.5002012252807617
86966,0.49242329597473145
75358,0.5003411769866943
65405,0.5005000829696655
16911,0.500745952129364
8692,0.5005190968513489
100578,0.5001692771911621
84090,0.5005055665969849
45411,0.5005466341972351
90547,0.5006124973297119
62081,0.5006738901138306
89570,0.5006038546562195
105449,0.500514566898346
66998,0.5007497668266296
69996,0.5010578036308289
56064,0.5003812313079834
103577,0.5005592703819275
35449,0.49974870681762695
35385,0.5009066462516785
39853,0.5000388622283936
101610,0.5003557801246643
40619,0.500082790851593
17788,0.5007458329200745
81583,0.500893235206604
35278,0.5002447962760925
15496,0.5007017850875854
46000,0.5007306337356567
1795,0.5005180835723877
43415,0.5003615021705627
291,0.5004351139068604
38181,0.5006316304206848
55029,0.5000861883163452
34803,0.5004597306251526
55045,0.5003810524940491
46367,0.5007002353668213
62574,0.5009115934371948
94354,0.5000660419464111
96625,0.5007368326187134
21468,0.5007864832878113
76612,0.5007096529006958
19753,0.5008439421653748
34261,0.5004374980926514
56113,0.5004111528396606
15452,0.5005998611450195
27416,0.5006051659584045
48539,0.5008359551429749
85145,0.5008001327514648
18354,0.5004863142967224
18244,0.5007275342941284
55640,0.499057412147522
47570,0.5005667805671692
74054,0.5005331039428711
5058,0.5000665187835693
17045,0.5004048347473145
105717,0.5001685619354248
29187,0.5009518265724182
37420,0.5005912780761719
38161,0.5007994771003723
106344,0.5006158947944641
70853,0.5004454851150513
46322,0.50067538022995
6538,0.5006338953971863
72697,0.5005369186401367
97920,0.5005716681480408
56360,0.5005331039428711
40525,0.5006749033927917
46536,0.5001550316810608
74034,0.5005401968955994
43594,0.5006445050239563
100866,0.5006520748138428
38073,0.5009984374046326
59899,0.5006886124610901
3724,0.5006213188171387
79957,0.500582754611969
13422,0.500630259513855
26786,0.500141441822052
39319,0.4849516451358795
18657,0.5008153319358826
15823,0.5002526044845581
102599,0.5005605220794678
66427,0.5008241534233093
52079,0.5001088976860046
37002,0.5001360177993774
49086,0.5001571774482727
28115,0.4978354573249817
98844,0.5004531741142273
27917,0.5007883906364441
64994,0.5005148649215698
72140,0.5009951591491699
35277,0.4998694956302643
53684,0.5003175139427185
93054,0.5008512735366821
44188,0.5000810027122498
49190,0.500669002532959
15979,0.5005342364311218
50195,0.500799298286438
5878,0.5006487965583801
43508,0.5005576610565186
62207,0.5008096098899841
76999,0.5004992485046387
30839,0.5000070929527283
40160,0.5005749464035034
86895,0.5011038780212402
104572,0.499919056892395
20661,0.5008063316345215
94376,0.500771164894104
549,0.5005420446395874
33591,0.5002914667129517
32334,0.5004668831825256
80680,0.5003966093063354
66911,0.5000870823860168
101640,0.500826895236969
55786,0.5003630518913269
50889,0.5006570816040039
47434,0.5008420348167419
80157,0.4999908208847046
73354,0.5004525184631348
30185,0.4999433159828186
21137,0.5001506209373474
36235,0.5005599856376648
65221,0.5005342364311218
100973,0.500897228717804
41736,0.5005571246147156
60659,0.5003660321235657
55254,0.5006504654884338
97165,0.500781774520874
45498,0.5005951523780823
36819,0.5002619624137878
2263,0.4996426999568939
19482,0.5008067488670349
481,0.49989810585975647
83893,0.5006615519523621
81124,0.5008779168128967
99520,0.5010135769844055
57905,0.5001211166381836
11179,0.500809907913208
88133,0.5009135007858276
84405,0.5005878210067749
55684,0.4999732971191406
90310,0.5004100203514099
39133,0.5001830458641052
10350,0.5007265210151672
27036,0.5004607439041138
29858,0.5007880330085754
68022,0.5005872249603271
89283,0.5006386637687683
70631,0.493565171957016
28055,0.5004330277442932
62587,0.5005798935890198
102721,0.5006616115570068
105913,0.5005694627761841
94589,0.5006468296051025
56437,0.5008072853088379
40514,0.5005729794502258
102125,0.5005449652671814
40771,0.5010726451873779
44858,0.5007389783859253
98624,0.5005481243133545
92222,0.5005718469619751
11344,0.5004926919937134
14991,0.5005340576171875
101078,0.5008225440979004
96328,0.5006437301635742
19565,0.5007650852203369
84603,0.5005861520767212
70089,0.5006347894668579
87015,0.5006000399589539
75449,0.5007398724555969
51372,0.5004406571388245
32632,0.5006909966468811
22313,0.5009331107139587
39923,0.49940454959869385
12179,0.5009894967079163
59346,0.5008723139762878
26935,0.50057053565979
55296,0.500497579574585
106127,0.5005795359611511
43033,0.5005670785903931
7375,0.50054931640625
738,0.5006799101829529
83984,0.5004182457923889
71556,0.49569717049598694
24649,0.5004686117172241
46866,0.5005558729171753
1177,0.5009530782699585
55964,0.5009183287620544
70811,0.5007034540176392
3101,0.5005744099617004
56164,0.5005598664283752
99319,0.5004047155380249
63891,0.5009685754776001
42324,0.500573456287384
19250,0.5006260871887207
3836,0.5010024309158325
66176,0.5005276799201965
21763,0.5004721283912659
97198,0.5007644295692444
65280,0.4987535774707794
22078,0.5005536675453186
34758,0.5008668899536133
28904,0.5005301833152771
98450,0.5009298920631409
22911,0.5009027719497681
66745,0.5004780888557434
22343,0.5005365610122681
16396,0.5008469223976135
35882,0.5006480813026428
75364,0.49861156940460205
6319,0.5005281567573547
7977,0.5004854202270508
56091,0.5010879635810852
21635,0.5004989504814148
57416,0.5008171796798706
31734,0.5007987022399902
24139,0.5006619691848755
30143,0.500316321849823
27508,0.500663697719574
7109,0.5005227327346802
28644,0.5007938146591187
41673,0.5004599094390869
49619,0.5003532767295837
18491,0.5003812313079834
95292,0.5009726881980896
9760,0.5005597472190857
10222,0.5006951689720154
80480,0.5007069110870361
53545,0.5008258819580078
20625,0.5006077289581299
77596,0.5003728866577148
22175,0.500579297542572
33721,0.5003665089607239
105986,0.5006455183029175
16798,0.5004948973655701
89143,0.5006370544433594
63701,0.5005424618721008
44219,0.5005656480789185
54963,0.5006029605865479
39620,0.5008628368377686
56293,0.5008182525634766
54135,0.5005670189857483
95599,0.5008761882781982
17022,0.500625729560852
49880,0.5001081824302673
28119,0.5007055997848511
71651,0.5011222958564758
47348,0.5006617307662964
81945,0.5005543231964111
50920,0.5006392002105713
90637,0.500590443611145
55655,0.5006116628646851
62941,0.5007194876670837
64372,0.500830888748169
7304,0.5009697079658508
32520,0.5007363557815552
71344,0.5006407499313354
58410,0.5005584359169006
13184,0.5010289549827576
44331,0.5002201795578003
43791,0.5005620718002319
17232,0.5012496709823608
54897,0.5005798935890198
765,0.5004134774208069
37380,0.5005025863647461
81060,0.5006496906280518
68905,0.5009425282478333
83301,0.5005261301994324
42923,0.5007584095001221
23076,0.4900150001049042
10281,0.5003688931465149
31748,0.5005918741226196
67737,0.5008570551872253
65211,0.500541627407074
70362,0.5009137988090515
26257,0.5009840726852417
56940,0.5005636215209961
65813,0.5005077123641968
92988,0.5006019473075867
16122,0.5004913806915283
84680,0.5005950331687927
27274,0.5002111792564392
16499,0.5006568431854248
55898,0.5003719329833984
24751,0.5006778240203857
89006,0.5002764463424683
6031,0.500632643699646
1205,0.5003632307052612
51698,0.5003433227539062
67654,0.5006751418113708
25205,0.5000602602958679
80702,0.5002977252006531
52308,0.5002191662788391
87803,0.5000880360603333
94807,0.5008187294006348
93477,0.5003824830055237
53829,0.5003466010093689
84772,0.5006433725357056
228,0.500512421131134
37489,0.5005852580070496
20495,0.5007563233375549
90411,0.5007228851318359
19363,0.5008750557899475
4982,0.49527105689048767
79133,0.5003367066383362
97768,0.5005342364311218
89516,0.5005314946174622
42386,0.500514030456543
83318,0.5006334185600281
16592,0.5007996559143066
98504,0.5005872249603271
26521,0.5004556775093079
33722,0.5010183453559875
19597,0.5005086660385132
16796,0.5006682276725769
32394,0.5010212659835815
9792,0.5004753470420837
80507,0.49701032042503357
66828,0.5000518560409546
36837,0.5008728504180908
89000,0.500669002532959
90354,0.5003506541252136
24923,0.5001450777053833
78251,0.5007644295692444
71058,0.500802218914032
4675,0.5011655688285828
78882,0.5008445382118225
66181,0.500797688961029
106231,0.5009918808937073
44901,0.5006715655326843
104733,0.4942079782485962
52939,0.500435471534729
54295,0.5006284713745117
47718,0.5007504820823669
96189,0.5006570816040039
71678,0.5001397728919983
21975,0.500778317451477
23230,0.5004801750183105
74979,0.5009417533874512
31343,0.5004988312721252
37690,0.5008644461631775
64014,0.5007104873657227
79553,0.5010381937026978
17285,0.5003335475921631
18395,0.5008571147918701
102935,0.5007042288780212
44006,0.5007420778274536
53481,0.500873863697052
80909,0.5005216002464294
86409,0.5001859664916992
83439,0.5004163384437561
66298,0.5001124143600464
102980,0.5007508397102356
36916,0.5004144310951233
83407,0.5002759695053101
102149,0.5004328489303589
57269,0.5006434917449951
72800,0.5005571246147156
93810,0.5003846883773804
89535,0.500817060470581
79225,0.5005725622177124
74314,0.5005902051925659
89169,0.5005013942718506
96248,0.5003912448883057
95740,0.5001652836799622
64451,0.5001633167266846
58200,0.500827431678772
63294,0.5004342794418335
99139,0.500514030456543
43370,0.500884473323822
89845,0.5002028942108154
3479,0.5006875395774841
23489,0.5006572604179382
70085,0.5007253289222717
54886,0.5005058646202087
94038,0.5005472898483276
91086,0.5007846355438232
47252,0.5005261301994324
69541,0.5003139972686768
95949,0.5005544424057007
17451,0.5006477236747742
30838,0.500359833240509
58315,0.500475287437439
73213,0.5005245804786682
30924,0.5005491971969604
32505,0.5004906058311462
103443,0.5006453394889832
79900,0.5000020265579224
64862,0.5007950067520142
30456,0.5011405348777771
99152,0.5006963014602661
1901,0.5006682276725769
17049,0.5005007386207581
5894,0.5002279281616211
10665,0.500485360622406
30536,0.5005329251289368
50878,0.5004894733428955
92809,0.5009827017784119
39864,0.5006598234176636
101957,0.5003477334976196
57285,0.5002251863479614
14329,0.5006232261657715
66872,0.500551700592041
94020,0.5005511045455933
48685,0.5007820129394531
27119,0.5006939172744751
46397,0.5004584193229675
10133,0.4975759983062744
36017,0.5004281401634216
37527,0.5007575750350952
76263,0.5008033514022827
2560,0.5001575350761414
2662,0.5009703040122986
106427,0.500558078289032
40163,0.5005775690078735
100345,0.5004706978797913
98682,0.5009353160858154
25789,0.5004655718803406
67820,0.5007286071777344
59591,0.5000231862068176
2269,0.5005828142166138
19494,0.5004595518112183
79641,0.5005625486373901
14432,0.5003389716148376
94686,0.5008230209350586
46365,0.5006954669952393
52584,0.5009950995445251
89365,0.5007969737052917
81199,0.5005740523338318
70712,0.5004407167434692
63089,0.5003573894500732
52567,0.5004977583885193
41571,0.5004977583885193
47361,0.5005443692207336
73083,0.5002384185791016
90557,0.5004857778549194
64735,0.5006560683250427
71108,0.5007971525192261
87464,0.5007869601249695
70003,0.5005865693092346
17270,0.5006346106529236
20924,0.5003935098648071
27207,0.5001103281974792
93294,0.5008537173271179
19858,0.5002808570861816
22,0.5003395676612854
49371,0.5008015036582947
85587,0.5002701878547668
65258,0.5008957982063293
81090,0.500564694404602
28146,0.5001004934310913
68187,0.5002435445785522
39921,0.5005730390548706
26644,0.5006603002548218
43284,0.5004376173019409
94367,0.5008958578109741
72801,0.5001927614212036
14197,0.5007279515266418
26273,0.4998829662799835
61001,0.5006215572357178
47789,0.5011061429977417
67460,0.5002009868621826
57393,0.5003913044929504
36379,0.5005719661712646
94624,0.49939605593681335
615,0.5007248520851135
72048,0.5003218054771423
66036,0.5009021162986755
14899,0.5000815987586975
105042,0.5009567141532898
99430,0.5005855560302734
18239,0.5007250308990479
15965,0.5000405311584473
72704,0.5008987784385681
13018,0.5009167790412903
23958,0.5008115172386169
41950,0.5003525614738464
105425,0.5004094243049622
87752,0.500980019569397
7327,0.4999501705169678
16772,0.5000138878822327
13973,0.5006028413772583
27322,0.5004473924636841
55624,0.5007968544960022
83263,0.5005990266799927
29260,0.5010649561882019
8978,0.5006706118583679
17217,0.4936113953590393
35489,0.5000542402267456
43040,0.5004543662071228
90491,0.5005528926849365
34960,0.49965131282806396
99779,0.5011839270591736
9631,0.5007479786872864
82917,0.5007014274597168
28657,0.5002503991127014
72365,0.5004985928535461
24415,0.5004085302352905
84084,0.5007007718086243
4944,0.5004926919937134
81767,0.5006300806999207
100930,0.5005798935890198
30692,0.500505805015564
56344,0.5009181499481201
98782,0.5001857876777649
2164,0.5005064010620117
24949,0.5006042122840881
103937,0.5005624294281006
93064,0.5005504488945007
37866,0.5003153085708618
23562,0.5003278851509094
105861,0.5005748271942139
20541,0.49980422854423523
88399,0.5002586841583252
37955,0.5003536343574524
31536,0.5001160502433777
46676,0.5006914734840393
35175,0.5007068514823914
100936,0.500974714756012
101447,0.49143195152282715
11041,0.5007046461105347
42194,0.49984705448150635
99532,0.500864565372467
46596,0.5005645751953125
21233,0.500037431716919
27154,0.5006940364837646
53112,0.5005152821540833
5790,0.49983054399490356
64198,0.5004305243492126
70538,0.5009501576423645
26779,0.5004141330718994
1691,0.5005375146865845
81757,0.4975608289241791
15392,0.5004118084907532
1332,0.5007067322731018
53535,0.500380277633667
102852,0.5004895329475403
105946,0.5005663633346558
10256,0.5003142356872559
82927,0.5013444423675537
30371,0.5006253719329834
46489,0.5009189248085022
58019,0.5004134774208069
71955,0.500699520111084
37356,0.4998442530632019
42292,0.5006654262542725
20087,0.5000680685043335
24074,0.5004469752311707
64692,0.5001095533370972
96112,0.5004554390907288
55120,0.5007305145263672
51971,0.5001941323280334
27252,0.5007302761077881
77781,0.5006300806999207
13135,0.5008834600448608
33840,0.5005128383636475
78330,0.5006422996520996
84185,0.5007898211479187
42654,0.5007609128952026
17109,0.5007553100585938
60530,0.5004216432571411
32772,0.5006604194641113
49208,0.5000999569892883
94561,0.49958062171936035
16723,0.5008382201194763
79821,0.49030864238739014
6106,0.5007862448692322
78275,0.5000433921813965
7689,0.5007671117782593
2328,0.500383734703064
66480,0.5003520846366882
37355,0.5005545020103455
80884,0.500428318977356
103705,0.4952477812767029
59714,0.5003743767738342
100837,0.4986906945705414
56301,0.5003669857978821
5411,0.5006122589111328
9658,0.5002655982971191
39760,0.5005930066108704
23202,0.5005879402160645
48343,0.5011903047561646
91294,0.5006031394004822
74660,0.5007434487342834
6399,0.5007043480873108
9119,0.5002854466438293
58061,0.5011367201805115
28351,0.5004701018333435
105514,0.5004867911338806
53114,0.5004297494888306
20750,0.5006908774375916
46578,0.501093327999115
52358,0.500872015953064
98343,0.500269889831543
89694,0.5006545782089233
12697,0.5004982948303223
73166,0.5003097057342529
80002,0.5005472302436829
41069,0.5001751780509949
2034,0.5005667209625244
8928,0.50057053565979
68185,0.5007390975952148
83161,0.5005345940589905
12405,0.5003907084465027
3471,0.5005843043327332
66568,0.5008871555328369
105055,0.5006245374679565
67896,0.500633955001831
15905,0.5008196830749512
65908,0.5006012320518494
54125,0.500475287437439
4385,0.5008230805397034
41533,0.5010048747062683
4209,0.5007102489471436
6676,0.49920839071273804
54989,0.5005509853363037
46181,0.49786949157714844
61799,0.5005335211753845
22469,0.5003576874732971
107157,0.5006557703018188
20637,0.5000541806221008
57612,0.500244140625
83711,0.5005530714988708
39352,0.5006187558174133
7947,0.5006582140922546
7607,0.5008416771888733
68904,0.500551700592041
37781,0.5005842447280884
79615,0.5001704692840576
18733,0.5008990168571472
12398,0.5005027055740356
66207,0.5006046295166016
56608,0.5009585618972778
102448,0.5005760788917542
12244,0.4993857443332672
4832,0.500558078289032
42673,0.5005103945732117
903,0.500682532787323
37244,0.5007910132408142
69436,0.5007280111312866
25689,0.5010597109794617
39049,0.500531792640686
102646,0.4878355860710144
68325,0.5005117654800415
57463,0.500779926776886
48178,0.500111997127533
23014,0.5007858872413635
80092,0.5006568431854248
103270,0.5000538229942322
23921,0.5003352165222168
64591,0.5006173253059387
91253,0.5003509521484375
31515,0.5006377696990967
26218,0.5002272725105286
15596,0.5002804398536682
13413,0.5004134178161621
11049,0.5007020235061646
82461,0.5007478594779968
11982,0.5009608268737793
65915,0.5005293488502502
40511,0.5004132390022278
22433,0.500861406326294
58141,0.5005254149436951
2750,0.500526487827301
25979,0.500828742980957
10155,0.5002169013023376
99776,0.5009058713912964
40215,0.5005788803100586
105401,0.5008158683776855
2384,0.5006497502326965
69519,0.5004254579544067
83363,0.5006287097930908
37895,0.5007753968238831
98191,0.5008255839347839
98740,0.5007739067077637
88686,0.5008453130722046
106492,0.5005809664726257
74955,0.5007715821266174
39688,0.5003664493560791
86780,0.5001891255378723
28423,0.5005237460136414
54109,0.5002211928367615
72700,0.5005297064781189
60079,0.5003852248191833
68108,0.5004292130470276
72120,0.5001984238624573
40885,0.5004929900169373
101144,0.5006442666053772
68920,0.5004010200500488
8266,0.5005831122398376
29163,0.5012655258178711
57837,0.5006495714187622
26281,0.5008097290992737
81402,0.5004804730415344
39021,0.500314474105835
61529,0.5003136992454529
52587,0.5003253817558289
56985,0.4999152421951294
63064,0.5004019141197205
94357,0.5005646347999573
91353,0.5005180835723877
85931,0.5009463429450989
4918,0.49706533551216125
50729,0.5002641677856445
57826,0.5007238984107971
71191,0.5005654096603394
105774,0.5008540153503418
10023,0.5005701780319214
41218,0.49820664525032043
98238,0.5003651976585388
37995,0.5006099343299866
83325,0.5006786584854126
51447,0.5001389980316162
94497,0.500474750995636
30670,0.49994587898254395
13858,0.5002206563949585
34727,0.5006178021430969
52123,0.5005077123641968
52200,0.5008156895637512
21611,0.5006265044212341
65726,0.5006486177444458
36502,0.5006318688392639
102741,0.5002821683883667
92910,0.500920295715332
66329,0.5007848143577576
46266,0.49947863817214966
93789,0.5006268620491028
74483,0.5005888342857361
82877,0.500916063785553
19578,0.5001394152641296
3150,0.5003430843353271
7795,0.5005424618721008
100091,0.5005587339401245
83204,0.5004722476005554
80606,0.5009169578552246
44874,0.5006290078163147
93047,0.5002455711364746
93488,0.5008060932159424
1805,0.5005672574043274
62917,0.5009609460830688
17899,0.5006333589553833
3849,0.5004279613494873
7118,0.5004357695579529
88547,0.5005286931991577
97092,0.5003634095191956
44105,0.5006383061408997
37481,0.5011076927185059
33563,0.500375509262085
61042,0.5007718205451965
41714,0.5002051591873169
70454,0.5005882978439331
59857,0.5006929636001587
51036,0.5005614161491394
69184,0.5004187822341919
3234,0.5006498694419861
74841,0.5004340410232544
23186,0.5004605650901794
27181,0.5007961392402649
100045,0.5004184246063232
28886,0.5005282163619995
73093,0.5007766485214233
900,0.49927282333374023
19020,0.5006405115127563
88602,0.5004557967185974
22700,0.5003734827041626
7526,0.5005015134811401
33457,0.500508189201355
76909,0.5006296038627625
35423,0.5005730390548706
81166,0.500578761100769
13660,0.5004784464836121
14412,0.50069659948349
15714,0.500730574131012
22063,0.500568687915802
61727,0.5007407665252686
106614,0.5006566047668457
87164,0.5003553628921509
46710,0.5005952715873718
19162,0.500586986541748
3254,0.5008286833763123
9038,0.5006051659584045
95150,0.5004255175590515
95704,0.5008348822593689
83830,0.5003588795661926
71414,0.5006305575370789
38616,0.5003541111946106
103614,0.5004980564117432
88630,0.5003545880317688
52521,0.5005249977111816
93076,0.5005196332931519
89485,0.500689685344696
40660,0.5005611777305603
62817,0.50046706199646
34049,0.5007351040840149
43571,0.5009282231330872
60077,0.5007153153419495
40460,0.5007607936859131
22185,0.5010462403297424
15237,0.5005607604980469
66961,0.5002166032791138
67110,0.5006399750709534
40897,0.5004161596298218
80317,0.5004971623420715
83200,0.5003467202186584
25955,0.500292181968689
60010,0.5006003379821777
912,0.5001430511474609
21643,0.500725269317627
30001,0.5001266002655029
71796,0.5006676912307739
74445,0.5003334879875183
14690,0.49448665976524353
45915,0.5006116032600403
71040,0.4999551773071289
19444,0.5004019141197205
101898,0.49942976236343384
19483,0.5009428262710571
45070,0.5004439949989319
96007,0.5006430745124817
8226,0.5014324188232422
14087,0.5006111264228821
19621,0.5007733106613159
68803,0.5002619028091431
28496,0.5006353259086609
15223,0.5008768439292908
71389,0.5005919933319092
18222,0.5005225539207458
63426,0.500552237033844
2400,0.5004990100860596
90638,0.5007067322731018
93030,0.5006857514381409
47044,0.5008712410926819
95745,0.4980899691581726
93733,0.5003048181533813
9250,0.500591516494751
12306,0.5001475214958191
64916,0.5008726119995117
97639,0.5007964372634888
93987,0.5004289150238037
69833,0.5005021095275879
65147,0.5007712841033936
1571,0.5010035037994385
52732,0.5003240704536438
24727,0.500714123249054
36305,0.5004128813743591
33909,0.500530481338501
36684,0.4997958838939667
88787,0.5007350444793701
5125,0.5008370876312256
96456,0.5008314847946167
100451,0.5009000897407532
672,0.5008141994476318
2769,0.5005134344100952
9242,0.5002509355545044
36840,0.5010494589805603
92915,0.5008459091186523
53862,0.5005312561988831
92411,0.5004206895828247
2898,0.4997711181640625
19531,0.49961984157562256
47770,0.5002549290657043
94350,0.5004640221595764
89205,0.5005820989608765
59271,0.5004361867904663
73559,0.5005095601081848
35876,0.5005761384963989
1124,0.5007466673851013
55758,0.5006434917449951
27800,0.5005097985267639
95921,0.5004720091819763
90850,0.5008938312530518
67816,0.5004663467407227
70511,0.5006880760192871
12435,0.5005608797073364
82454,0.5003276467323303
78358,0.5006658434867859
46740,0.5006276369094849
100956,0.5004091262817383
92319,0.5006217956542969
18044,0.500134289264679
23905,0.5003278255462646
5811,0.4997169077396393
81252,0.5001446008682251
62867,0.5006330013275146
41210,0.5006697773933411
43549,0.5007184147834778
103807,0.49719876050949097
60885,0.49930086731910706
7522,0.5006986856460571
85303,0.5009956359863281
106575,0.5007324814796448
20611,0.5007777810096741
71692,0.5007485151290894
2623,0.5006386637687683
35836,0.5002449750900269
20442,0.5006716847419739
61523,0.5007714033126831
77677,0.5005220770835876
80546,0.5005269050598145
36731,0.500825047492981
406,0.5008382797241211
76807,0.500466525554657
30786,0.5006493330001831
33955,0.49988535046577454
97280,0.5002309083938599
59464,0.5005244612693787
67539,0.5009654760360718
24006,0.5007980465888977
10504,0.5000751614570618
4761,0.5009136199951172
17116,0.5004420876502991
45348,0.5006266832351685
27158,0.5003840923309326
95018,0.5006960034370422
52617,0.5010152459144592
92514,0.5006273984909058
16579,0.5003482103347778
88082,0.5005440711975098
63377,0.49946722388267517
100532,0.5003203749656677
57329,0.5005292892456055
16635,0.5006914734840393
6974,0.5003244876861572
17773,0.5006263852119446
8296,0.5008557438850403
99140,0.5000448226928711
55910,0.5004463195800781
18845,0.5002567172050476
75295,0.4998684227466583
21725,0.5006088018417358
22226,0.5001217722892761
96840,0.500522792339325
70051,0.5005638599395752
34100,0.5006632804870605
57844,0.5004966855049133
70993,0.5005630850791931
66414,0.5006287097930908
46674,0.5001896619796753
93752,0.5005884766578674
92435,0.49960583448410034
37500,0.5003208518028259
56853,0.5004621744155884
9443,0.5005238652229309
99816,0.5010498762130737
8717,0.4979240298271179
75599,0.5004305839538574
81971,0.5008261203765869
85158,0.5005834698677063
39350,0.5007786154747009
52049,0.5002697706222534
82140,0.5007420778274536
6755,0.500503659248352
20683,0.5004836320877075
83701,0.49943339824676514
75241,0.5003729462623596
95970,0.5003660917282104
101659,0.5004879832267761
47233,0.5006411671638489
86028,0.5002829432487488
41131,0.5005777478218079
54595,0.5003746151924133
77569,0.5004839897155762
11808,0.5006604790687561
92335,0.5003721714019775
77221,0.5006119608879089
58213,0.5004008412361145
81687,0.500208854675293
88983,0.5000833868980408
103781,0.4999505281448364
5839,0.5001070499420166
50704,0.5006328225135803
41307,0.5004101395606995
66524,0.5003870129585266
66762,0.5006054043769836
37291,0.5005963444709778
35582,0.5005844235420227
95763,0.5003910064697266
57070,0.500664234161377
98262,0.4996771514415741
102454,0.5004879832267761
77409,0.5004714131355286
96948,0.5005431771278381
63730,0.5005667805671692
96065,0.5005686283111572
19142,0.5001814961433411
80975,0.49643373489379883
45052,0.5012154579162598
72532,0.5005739331245422
35240,0.5005823373794556
4074,0.5007243752479553
3116,0.5005102753639221
40238,0.5008869171142578
83980,0.5009007453918457
71077,0.498090922832489
36494,0.5006074905395508
102186,0.5013090968132019
8686,0.5007588863372803
33403,0.500719428062439
94903,0.5006909966468811
98535,0.5006216168403625
21363,0.500985860824585
27301,0.5006230473518372
62190,0.500562846660614
194,0.500538170337677
59599,0.500738263130188
41074,0.5007266998291016
27736,0.5012333989143372
68224,0.500788152217865
2846,0.5001267790794373
73329,0.5008124113082886
5316,0.5008387565612793
2706,0.5002683401107788
18783,0.5005365610122681
7565,0.5007067918777466
71519,0.5004454255104065
51119,0.5004110932350159
73556,0.500601589679718
3629,0.5004860758781433
96197,0.5004577040672302
76831,0.5003230571746826
41283,0.500999927520752
57436,0.5006390810012817
55158,0.5004030466079712
13294,0.5003397464752197
36363,0.5009254217147827
92465,0.5005645751953125
12609,0.499904602766037
73237,0.5005472302436829
106084,0.5008857846260071
425,0.500605583190918
16773,0.5006790161132812
102694,0.49855437874794006
75930,0.5005258321762085
76772,0.4996985197067261
73463,0.5004796385765076
35492,0.5002444386482239
100962,0.5010376572608948
58898,0.5002428293228149
18809,0.5009634494781494
76369,0.5008119940757751
103775,0.5007609724998474
50947,0.5005349516868591
107105,0.5005807876586914
52820,0.5010040402412415
35491,0.5009468197822571
23943,0.5007251501083374
28067,0.5005550980567932
2091,0.5007771253585815
19327,0.5005978941917419
45743,0.5008414387702942
11684,0.5006190538406372
37212,0.5008246302604675
98860,0.5007011890411377
70244,0.5010812282562256
87254,0.5005219578742981
81809,0.5003012418746948
39662,0.5008373856544495
18993,0.5012099742889404
102329,0.5006011724472046
71104,0.48973527550697327
103136,0.5003243684768677
62301,0.5002314448356628
97951,0.5005829930305481
12261,0.5004842877388
29607,0.5004386901855469
64961,0.5006887316703796
105560,0.5008187890052795
14058,0.5007428526878357
25224,0.5007349252700806
97216,0.4990937411785126
66479,0.5010688900947571
43400,0.500825822353363
103361,0.5004410743713379
71857,0.5007497668266296
102951,0.5003555417060852
70474,0.5003319978713989
1561,0.5006099343299866
1056,0.5005250573158264
5929,0.5005739331245422
3326,0.5006039142608643
472,0.501171886920929
105328,0.5007381439208984
18584,0.5007117390632629
14336,0.5004187226295471
38718,0.5006400942802429
81705,0.5005081295967102
90578,0.5011619925498962
21136,0.5003571510314941
96526,0.5007426142692566
70688,0.5003123879432678
32076,0.5001182556152344
79227,0.5008336901664734
70403,0.5010872483253479
36172,0.500535786151886
69145,0.5001949071884155
79692,0.5004850029945374
92917,0.5005680322647095
85506,0.5005902647972107
15441,0.500669002532959
102805,0.5004969835281372
53322,0.4957675337791443
53628,0.5005388259887695
67053,0.5004803538322449
49664,0.5005881190299988
52379,0.5008371472358704
89927,0.5005114674568176
79306,0.50062495470047
61848,0.500436544418335
59894,0.5008296966552734
6343,0.5005046129226685
49379,0.5004822015762329
43932,0.500974178314209
51891,0.5002758502960205
47684,0.5006911158561707
42368,0.5004330277442932
94677,0.5007268190383911
81349,0.5005124807357788
101549,0.5007525682449341
102583,0.5009261965751648
102751,0.5007193088531494
73545,0.5001562833786011
87746,0.5004755258560181
91360,0.5011007189750671
50130,0.5006042718887329
86506,0.5004912614822388
43251,0.5008128881454468
82991,0.49930667877197266
1196,0.5009000897407532
35346,0.500259280204773
95915,0.5005137920379639
50942,0.5007792711257935
94004,0.5008243322372437
67116,0.4909164309501648
85848,0.5006335973739624
92443,0.5008991360664368
27564,0.5001958608627319
1052,0.5003247857093811
56865,0.5003905892372131
71213,0.500577449798584
97167,0.49992454051971436
31611,0.5006924271583557
97081,0.5006547570228577
85914,0.5006207823753357
77780,0.5004148483276367
79735,0.5006543397903442
38070,0.5006657838821411
104624,0.5007407665252686
85892,0.49999189376831055
61573,0.5007999539375305
106356,0.5003520250320435
32933,0.5008354783058167
68606,0.5006360411643982
26191,0.5004496574401855
72996,0.5008692741394043
14888,0.5010057091712952
15547,0.5006647706031799
82169,0.5007754564285278
79334,0.5009120106697083
71949,0.5005227327346802
34097,0.5006008148193359
34726,0.5004683136940002
35190,0.5006612539291382
102937,0.5002715587615967
47205,0.4991273581981659
53487,0.500876247882843
32023,0.5007559061050415
84844,0.5003089308738708
31030,0.5005643963813782
594,0.4999617338180542
95995,0.499947190284729
29256,0.5002238154411316
28103,0.501062273979187
101705,0.5007286667823792
54597,0.5005900859832764
86133,0.5007936358451843
48719,0.500510573387146
13481,0.5006006360054016
56647,0.5006237030029297
103100,0.5001279711723328
61338,0.5004159212112427
1745,0.5004480481147766
44981,0.49076926708221436
21909,0.5003873109817505
63191,0.5003479719161987
105688,0.5006030797958374
50576,0.500557005405426
59004,0.48927298188209534
78710,0.5004666447639465
81266,0.5006800889968872
53011,0.5008823871612549
59454,0.500542402267456
62370,0.5007252097129822
15436,0.5003445148468018
47496,0.5004530549049377
46929,0.5002439022064209
31547,0.4998561441898346
40230,0.5002230405807495
72864,0.5007045865058899
96419,0.5005389451980591
100337,0.4999885559082031
16843,0.5006974935531616
31034,0.5004374384880066
21759,0.500598669052124
46175,0.49905526638031006
30282,0.49474650621414185
38301,0.5006095767021179
29861,0.5004085898399353
31215,0.5005302429199219
75124,0.5001967549324036
49611,0.5007628202438354
79184,0.5010331273078918
98827,0.5006638765335083
53215,0.5008211135864258
67845,0.5005495548248291
103204,0.5006640553474426
30524,0.5012595057487488
59626,0.501011312007904
74164,0.5002205967903137
33755,0.500808835029602
86222,0.5008583068847656
41359,0.4968268871307373
88380,0.5005179643630981
34779,0.5003788471221924
20786,0.5004143118858337
27313,0.5010021328926086
1923,0.5006160736083984
50465,0.5005765557289124
18269,0.5008389353752136
101096,0.48954716324806213
51741,0.5011311173439026
2655,0.5005011558532715
51362,0.5007308721542358
28358,0.5009284019470215
89742,0.5004193186759949
79000,0.5007203817367554
20164,0.5000581741333008
27133,0.5005556344985962
22732,0.5010004043579102
56571,0.5008488893508911
67016,0.5008922815322876
75456,0.5004762411117554
17639,0.5005531907081604
72842,0.5002538561820984
12597,0.5006405115127563
6071,0.5003664493560791
67489,0.5009126663208008
43846,0.5005807280540466
7860,0.5004511475563049
46167,0.5007381439208984
1043,0.5006570816040039
19831,0.5005977153778076
36952,0.5005680322647095
14413,0.5009768605232239
101104,0.5006314516067505
29305,0.5005975365638733
14320,0.5008732676506042
83868,0.5007590055465698
19295,0.49940764904022217
50380,0.5008308291435242
41683,0.5006287097930908
11830,0.5005591511726379
76290,0.5008572936058044
27478,0.50043123960495
10160,0.5005043745040894
34859,0.5006945729255676
17876,0.5005136132240295
89367,0.5005689263343811
62132,0.5007116198539734
79903,0.5005331039428711
99802,0.5004732012748718
91027,0.5009094476699829
31945,0.5004960894584656
103290,0.5002736449241638
77395,0.5006532669067383
39151,0.5001383423805237
14446,0.5009366869926453
56349,0.5004411935806274
84526,0.500191867351532
62866,0.501004695892334
48188,0.5006866455078125
1284,0.5005315542221069
34337,0.5005582571029663
73565,0.5007349252700806
93997,0.5006201863288879
94490,0.500251054763794
104352,0.4993634521961212
96339,0.5004706382751465
85425,0.5005487203598022
1773,0.5002874135971069
81364,0.5006076097488403
7846,0.5004002451896667
67297,0.5009765028953552
4437,0.5003610253334045
83380,0.5003306269645691
32965,0.5005843639373779
11367,0.5007495284080505
11935,0.49997228384017944
67673,0.5002788305282593
73183,0.5002256631851196
106947,0.5005617737770081
61526,0.5002046227455139
19961,0.500796377658844
64622,0.5006579756736755
45930,0.5006076693534851
31971,0.5004894137382507
75761,0.5007492899894714
63725,0.50053471326828
76687,0.5007336735725403
92060,0.500669002532959
100387,0.5005587339401245
98217,0.5008182525634766
81871,0.5005280375480652
16317,0.5005995035171509
66790,0.5007835030555725
82663,0.5007309913635254
73834,0.5005990862846375
21347,0.5004635453224182
86955,0.5006636381149292
86852,0.5004940629005432
68457,0.5005046725273132
88093,0.5007656812667847
81164,0.5004197359085083
61819,0.5004664063453674
13012,0.5006193518638611
13155,0.5004472732543945
15783,0.5004697442054749
15673,0.5010066032409668
35925,0.5011587738990784
106969,0.5011256337165833
25640,0.5003453493118286
97931,0.5005273818969727
50074,0.5005031228065491
29649,0.5003970265388489
91931,0.5005674362182617
61722,0.5004878044128418
20287,0.5007519721984863
76463,0.5005625486373901
62710,0.5003485083580017
35255,0.5000595450401306
85906,0.5006467700004578
11618,0.5003526210784912
94378,0.497463583946228
100329,0.5008882284164429
17723,0.50044184923172
39882,0.49653691053390503
11795,0.5009448528289795
66789,0.48982706665992737
102765,0.5004831552505493
13650,0.5005611181259155
97337,0.5006290078163147
23806,0.5006288886070251
34279,0.5004591345787048
98949,0.5004720687866211
82142,0.5004261136054993
15659,0.5005693435668945
63656,0.5009214282035828
40763,0.5002727508544922
80836,0.5005099773406982
104849,0.4981064200401306
86473,0.5007390975952148
51194,0.5006300210952759
66403,0.5004485249519348
271,0.5007234811782837
2273,0.5005414485931396
81275,0.500542163848877
14715,0.5007555484771729
57319,0.5005793571472168
35197,0.5005512833595276
98220,0.5005784034729004
94959,0.5004411339759827
91613,0.5008306503295898
94534,0.5002880692481995
81910,0.5003950595855713
76649,0.5002142190933228
23354,0.500541627407074
40827,0.5006061792373657
78654,0.5004647374153137
73369,0.5001608729362488
67659,0.500674843788147
34111,0.5008773803710938
102361,0.5008448958396912
37171,0.5005178451538086
27744,0.5009766817092896
53767,0.5010689496994019
42072,0.5003282427787781
53742,0.5006632804870605
46497,0.5007745623588562
35788,0.5006357431411743
88746,0.5007494688034058
4922,0.5005732774734497
41718,0.5008103847503662
8802,0.5000165700912476
38604,0.5006346106529236
57098,0.5011276006698608
13275,0.5008789896965027
18055,0.5009150505065918
49524,0.5004507303237915
76101,0.500240683555603
66332,0.5006349086761475
91441,0.5004621744155884
81061,0.4888431429862976
96013,0.5005931258201599
33186,0.5003557205200195
75009,0.5007194876670837
73082,0.500725507736206
3525,0.5005191564559937
1836,0.5001612901687622
34802,0.500563383102417
19758,0.5007038116455078
15902,0.5005761981010437
23441,0.5005208253860474
57798,0.500170886516571
68964,0.500858724117279
68435,0.5003551840782166
26294,0.500393271446228
45844,0.5005408525466919
60688,0.5006983876228333
95472,0.5002452731132507
39837,0.4999583959579468
46184,0.5008299946784973
64478,0.5004479289054871
55688,0.5008851289749146
89513,0.500353991985321
34602,0.5007291436195374
25366,0.5001848340034485
44642,0.501063883304596
66923,0.5005171298980713
83881,0.5004334449768066
13996,0.500522792339325
6535,0.500464141368866
75328,0.5005139708518982
69789,0.5009626746177673
102472,0.5007110238075256
27005,0.5005916357040405
94773,0.5010426044464111
39038,0.5008913278579712
59584,0.5007016658782959
75032,0.5006040334701538
94365,0.5006840229034424
86729,0.5007275938987732
103277,0.5003752112388611
96803,0.5004151463508606
58216,0.5005097985267639
59839,0.5005338788032532
98342,0.488643079996109
60175,0.5006764531135559
82073,0.5009065866470337
93301,0.5010517239570618
63588,0.5006670355796814
27987,0.4987826347351074
80054,0.5003511309623718
28762,0.5008467435836792
92627,0.5005958080291748
37981,0.5008098483085632
103582,0.5004780888557434
26564,0.4998178482055664
54394,0.5005783438682556
44332,0.500716507434845
22138,0.5006471872329712
94855,0.5007914900779724
4632,0.5005593299865723
32784,0.5005413889884949
32830,0.5008326768875122
5631,0.5003306865692139
16808,0.500453770160675
99344,0.5006373524665833
62996,0.5006702542304993
94028,0.5006094574928284
23890,0.500231146812439
65380,0.5001863837242126
227,0.5004892349243164
67725,0.5006953477859497
104891,0.5002790093421936
28004,0.5008829832077026
83787,0.5006122589111328
29242,0.5005133748054504
19087,0.5003660321235657
21662,0.5003142356872559
80430,0.500535249710083
11521,0.5008041262626648
5769,0.5008160471916199
81749,0.5010361075401306
48697,0.5012733936309814
48172,0.5001784563064575
53034,0.5004231333732605
19406,0.5004734992980957
96433,0.5000967979431152
31600,0.5007044672966003
27238,0.49633774161338806
99691,0.5008977055549622
82316,0.5006042122840881
47283,0.5008765459060669
97742,0.5004580616950989
22508,0.5005893111228943
49085,0.4902249574661255
35900,0.500495970249176
87088,0.5007891654968262
24902,0.5008513927459717
94494,0.500687837600708
28022,0.5004293322563171
2059,0.5006408095359802
12010,0.5009089708328247
57179,0.5010293126106262
43643,0.49997931718826294
49136,0.5002534985542297
43229,0.5006722807884216
94695,0.5008596181869507
35330,0.5005171895027161
68583,0.5005411505699158
35691,0.5012534260749817
58106,0.5007812976837158
49013,0.5002564787864685
4021,0.5008922219276428
9736,0.5005993843078613
16976,0.5009815692901611
60727,0.5004538297653198
22616,0.5006594061851501
94363,0.5003565549850464
102735,0.5000113248825073
73328,0.5006362199783325
82486,0.5005781650543213
45754,0.5001766681671143
52339,0.5005595088005066
27609,0.5005502104759216
75284,0.5007191300392151
31833,0.5006619095802307
43459,0.5009944438934326
43426,0.49776342511177063
16966,0.5000421404838562
67316,0.5002390742301941
90027,0.5008625984191895
21202,0.5008013844490051
60034,0.5001531839370728
100336,0.49920910596847534
104126,0.5003240704536438
10532,0.5003183484077454
19102,0.5005289912223816
70178,0.500096321105957
89262,0.5003281831741333
59485,0.49766361713409424
39936,0.5009668469429016
84258,0.5007419586181641
98035,0.5006794929504395
13638,0.5004174113273621
104139,0.5004857778549194
93985,0.5004316568374634
15049,0.5006833672523499
17040,0.5007206201553345
21849,0.500588059425354
27661,0.5008953809738159
26382,0.5002990365028381
55516,0.5005286335945129
65056,0.5007297396659851
38204,0.5006828308105469
45724,0.5000715851783752
51528,0.5006765127182007
42609,0.5002776384353638
15379,0.5004773736000061
70841,0.5008708238601685
49635,0.5002974271774292
54418,0.497584730386734
34898,0.5005486607551575
82519,0.500536322593689
22371,0.5007025003433228
31017,0.5006892681121826
95026,0.5003318786621094
54736,0.5007442831993103
17067,0.5004870295524597
65336,0.500589907169342
64461,0.5006116628646851
81513,0.5005936622619629
56947,0.5003811120986938
27779,0.500637948513031
97067,0.5005266666412354
56463,0.5001457929611206
33626,0.5006154179573059
87493,0.50016188621521
45569,0.5010470151901245
20981,0.5005008578300476
145,0.5007408857345581
22884,0.5007060766220093
8896,0.5009995102882385
17763,0.5002110600471497
6716,0.5005788207054138
77738,0.5004311203956604
72793,0.5006095170974731
7354,0.5005294680595398
23390,0.500637948513031
86826,0.5006821751594543
102897,0.5006363987922668
2390,0.49998152256011963
101532,0.5003059506416321
71510,0.5005900263786316
85733,0.500503420829773
104850,0.5009156465530396
36937,0.49987897276878357
62521,0.5007470846176147
329,0.5001047253608704
58726,0.5008279085159302
104467,0.5006387233734131
11753,0.5006018280982971
75997,0.500742495059967
44827,0.49993354082107544
81596,0.5003262758255005
5976,0.5001882910728455
14096,0.5006309151649475
32561,0.5001235604286194
97574,0.5004821419715881
87563,0.5008500814437866
4012,0.5006521344184875
44065,0.5005656480789185
7357,0.5000736713409424
32431,0.5004485249519348
97914,0.500417172908783
10926,0.5007550120353699
25951,0.49662071466445923
16993,0.5003705024719238
83006,0.50078946352005
65555,0.5004565715789795
47229,0.5003613233566284
24230,0.5004923343658447
80478,0.5004684329032898
12794,0.5003392696380615
101427,0.5005183815956116
77338,0.500542402267456
60261,0.5008661150932312
61243,0.500689685344696
52749,0.500578761100769
35153,0.5000159740447998
1847,0.500237762928009
37515,0.500179648399353
59715,0.5004875659942627
75508,0.5000490546226501
68453,0.5008138418197632
38857,0.49838125705718994
76901,0.5006721615791321
45312,0.5010215640068054
64699,0.5012853145599365
107124,0.5005225539207458
106450,0.5006543397903442
59034,0.49480435252189636
28823,0.5003138780593872
16562,0.49921149015426636
7111,0.5008668899536133
62848,0.5005622506141663
2065,0.5005514621734619
93643,0.5001103281974792
14995,0.5008852481842041
10652,0.5008285045623779
96790,0.5007044672966003
13931,0.5007587671279907
105910,0.5006557703018188
105867,0.5005465745925903
47543,0.500564455986023
52396,0.5006483793258667
11384,0.5005141496658325
58047,0.5004943013191223
27059,0.5005552768707275
62378,0.5004273653030396
91044,0.5006547570228577
65285,0.5009356141090393
9793,0.500340461730957
87140,0.5008383989334106
60724,0.500698983669281
102439,0.5008302927017212
79462,0.5006250739097595
37993,0.5002322793006897
83192,0.500540554523468
16217,0.5006574988365173
50809,0.5005921125411987
69198,0.5004704594612122
4837,0.4994156062602997
1378,0.5007321834564209
6627,0.5001006126403809
44185,0.5006703734397888
89323,0.5002145171165466
30419,0.5006301403045654
44183,0.5006421208381653
70038,0.5006742477416992
42202,0.5003820061683655
68211,0.5005766749382019
86889,0.5009160041809082
70314,0.5006827116012573
28421,0.500580906867981
79594,0.500074028968811
63970,0.5006159543991089
66554,0.5007730722427368
73096,0.5006718635559082
63901,0.5006400346755981
48610,0.5010653138160706
4433,0.5003314018249512
83417,0.5004016757011414
26109,0.5004879236221313
107024,0.5005791783332825
103750,0.5008494257926941
83501,0.5004258155822754
29599,0.49995583295822144
7580,0.5003277659416199
90263,0.500909686088562
16027,0.5000760555267334
96145,0.5004345178604126
38150,0.5001924633979797
40057,0.4978468418121338
31590,0.5006046891212463
101651,0.5002387762069702
98893,0.5005128979682922
5608,0.5010844469070435
32223,0.5004408359527588
104466,0.501102089881897
24293,0.500971257686615
48837,0.5005577802658081
63309,0.5008479356765747
55433,0.500555694103241
35375,0.5000064969062805
65396,0.5001863241195679
91489,0.5000560879707336
86721,0.5005315542221069
10224,0.5005325078964233
87346,0.5009774565696716
57170,0.5010087490081787
100290,0.5004280209541321
35196,0.5006862282752991
44191,0.5005491375923157
92164,0.49935150146484375
29280,0.5007938742637634
25538,0.5006293058395386
83987,0.5004991292953491
62898,0.500262439250946
106361,0.5006304979324341
25136,0.5003529787063599
29505,0.5004395246505737
83536,0.5005152821540833
45658,0.5006492137908936
3288,0.5005128383636475
23616,0.5007017850875854
41581,0.5003721714019775
11609,0.4933934211730957
90769,0.5005446076393127
94406,0.5000889897346497
6965,0.5005565285682678
51073,0.5004629492759705
51777,0.5003412365913391
61494,0.5005432367324829
25372,0.500179648399353
71318,0.4993284344673157
46254,0.500708281993866
46722,0.5007835030555725
42554,0.500461757183075
47197,0.5008221864700317
51552,0.5005687475204468
4582,0.5007278323173523
69685,0.5009552836418152
64327,0.5006107687950134
90833,0.5005470514297485
100852,0.5009331703186035
32398,0.500576913356781
94635,0.5008537769317627
24454,0.5006381869316101
34791,0.5002930760383606
12741,0.4999713897705078
14778,0.5009221434593201
48422,0.5009523630142212
44847,0.5007145404815674
4140,0.5005772709846497
79918,0.5000709891319275
11546,0.5008899569511414
8942,0.5006013512611389
40240,0.5004172325134277
70332,0.48907023668289185
27702,0.5006352066993713
30292,0.5006848573684692
95337,0.5006752014160156
53342,0.5006605386734009
23596,0.5005363821983337
16604,0.500347912311554
23231,0.5002049803733826
54794,0.5004009008407593
94579,0.5005496740341187
88392,0.5007863640785217
25986,0.4997670650482178
102710,0.5005188584327698
55373,0.5008333325386047
20649,0.5005439519882202
48177,0.49924641847610474
76434,0.5006340742111206
70908,0.5009188652038574
102742,0.5004906058311462
25058,0.500914990901947
78434,0.4899415075778961
80726,0.5006091594696045
65248,0.5007561445236206
88275,0.5010786056518555
74074,0.5007926225662231
21876,0.5004785060882568
103450,0.5005615949630737
67928,0.5006662011146545
59256,0.5005621314048767
46298,0.5004172921180725
98195,0.5007921457290649
95110,0.5010830163955688
82195,0.5006482005119324
21832,0.5008682608604431
61503,0.5001001954078674
91959,0.5005555748939514
26200,0.5008920431137085
25686,0.5008401274681091
64370,0.5005192756652832
57104,0.5001127123832703
85740,0.5004209876060486
65082,0.5002996921539307
73465,0.5008223056793213
14815,0.5007901787757874
62566,0.5005893111228943
65389,0.5009286403656006
36629,0.5003705024719238
2761,0.5003798604011536
46122,0.500615119934082
46708,0.5005889534950256
48543,0.5011583566665649
38437,0.5004898905754089
41679,0.5005732178688049
11943,0.5005047917366028
80663,0.5010277032852173
57362,0.5006275773048401
78294,0.5008793473243713
11443,0.5006124973297119
3339,0.5006126761436462
8333,0.5007603168487549
73688,0.5006166696548462
101048,0.5002927780151367
38807,0.500758707523346
91992,0.5009913444519043
103660,0.49441811442375183
4349,0.500420093536377
23900,0.5007569193840027
54890,0.5012200474739075
47554,0.5006406903266907
57897,0.5005689859390259
95129,0.5005777478218079
97155,0.500280499458313
78284,0.5006405711174011
53620,0.5005260705947876
17540,0.4997450113296509
90980,0.5002543330192566
53178,0.500696063041687
54282,0.5006763339042664
83611,0.5005149841308594
74832,0.5005876421928406
33521,0.5003361701965332
22312,0.5005571246147156
8327,0.5009514093399048
48181,0.5006728768348694
61597,0.5006195902824402
56734,0.5006533861160278
7246,0.5006304383277893
18123,0.5005818009376526
18892,0.5010406970977783
48849,0.5009931921958923
47669,0.5003939867019653
94924,0.5004308819770813
48512,0.5005117654800415
9957,0.5005967020988464
15707,0.5003570914268494
55630,0.4992200434207916
9362,0.5005592703819275
66120,0.5002325177192688
16363,0.5004462003707886
16402,0.4999350309371948
41921,0.5013025403022766
22353,0.5006207823753357
14686,0.5004109740257263
28415,0.5002579092979431
105355,0.5011790990829468
41053,0.5005417466163635
37061,0.5005635619163513
6933,0.5006008744239807
31839,0.5005638599395752
44786,0.5007094740867615
70036,0.49702316522598267
68703,0.5003359317779541
42378,0.5008094906806946
36526,0.5005901455879211
49901,0.5007691383361816
74032,0.5001499652862549
45628,0.5009104013442993
31979,0.5005214810371399
53486,0.5008071064949036
46763,0.5009838938713074
85408,0.500436007976532
22637,0.5002054572105408
85061,0.5007132291793823
22921,0.500352680683136
29685,0.5005018711090088
44220,0.5006587505340576
1290,0.4996982216835022
35918,0.5002968907356262
95177,0.49416324496269226
31992,0.5004550218582153
61329,0.5008524656295776
58169,0.5005024671554565
7717,0.5007416605949402
81789,0.5007749795913696
12979,0.5006277561187744
43043,0.49985745549201965
75875,0.5008792877197266
42519,0.4923839867115021
78452,0.5004750490188599
52550,0.5004264116287231
106635,0.5008770823478699
95352,0.5007432103157043
7091,0.49722549319267273
101511,0.5006067752838135
61044,0.5005963444709778
63031,0.5006022453308105
86820,0.49149996042251587
70201,0.5004546046257019
92595,0.5006805658340454
45050,0.4994620382785797
28950,0.5005154609680176
25218,0.5005311965942383
49914,0.5003024339675903
28318,0.5004926919937134
20136,0.49978598952293396
71667,0.5000279545783997
100422,0.5002622008323669
13447,0.4990549087524414
19832,0.5006250739097595
106236,0.5005766749382019
102494,0.5007742643356323
19099,0.49834537506103516
1374,0.5006859302520752
100798,0.5002509951591492
50458,0.5004301071166992
8098,0.5007936954498291
46587,0.5000057816505432
97916,0.5006349086761475
15653,0.5003304481506348
41534,0.5006051659584045
1648,0.5003356337547302
20773,0.5009285807609558
67182,0.5003224015235901
75074,0.5001348853111267
103776,0.5002142190933228
84381,0.5007010102272034
66906,0.5008137822151184
76170,0.49725911021232605
3635,0.5011003017425537
100541,0.5004767179489136
42074,0.5005565285682678
61498,0.500503659248352
5817,0.5003852248191833
5050,0.5006241202354431
79558,0.5007249712944031
93493,0.5002020001411438
3526,0.5003902316093445
14253,0.5010278820991516
41847,0.5004439949989319
11067,0.5007821321487427
19072,0.5007990598678589
42248,0.5005771517753601
27783,0.5005621314048767
97731,0.5004366040229797
65049,0.500698983669281
48336,0.5000105500221252
87509,0.5005627274513245
22247,0.5000163912773132
98041,0.5003345012664795
89133,0.5007238388061523
28435,0.5006102919578552
1568,0.5005141496658325
49259,0.5003288984298706
40251,0.5009259581565857
21063,0.5006802678108215
39510,0.49989643692970276
84092,0.5005592703819275
21541,0.5008711218833923
56060,0.5008550882339478
58625,0.5001704692840576
55009,0.500491738319397
4421,0.5004745125770569
58289,0.5012311339378357
81464,0.5005488395690918
56880,0.5007408261299133
94733,0.5007811784744263
89920,0.4993801712989807
95370,0.5005552172660828
86551,0.5001842379570007
64842,0.5004745721817017
98219,0.5005805492401123
14959,0.5007805824279785
61918,0.5009481906890869
30768,0.5004542469978333
84626,0.5007261633872986
87409,0.4994966685771942
71910,0.5006401538848877
76044,0.5007614493370056
93349,0.5002791285514832
83169,0.5004687905311584
40924,0.5006606578826904
83906,0.5010526776313782
90343,0.500471293926239
99624,0.5003505349159241
60372,0.5005179643630981
17360,0.5008861422538757
3376,0.5004339814186096
101531,0.5005180239677429
92693,0.5003207921981812
63830,0.5004217624664307
105550,0.5003843903541565
67793,0.49995529651641846
74065,0.5007856488227844
52043,0.5006004571914673
101272,0.5005844831466675
95104,0.5007290840148926
12014,0.5003151893615723
56921,0.5004799365997314
91011,0.5004335641860962
22278,0.5004088282585144
72818,0.5002424716949463
18017,0.5004366636276245
85902,0.5005846619606018
73281,0.5003787279129028
66154,0.5004763603210449
64930,0.5000009536743164
99208,0.5006762742996216
46912,0.5005045533180237
82434,0.5002406239509583
34011,0.5005079507827759
93158,0.5006383061408997
2811,0.5003277063369751
10413,0.5004453063011169
19194,0.500498354434967
49608,0.5004515647888184
66841,0.5009770393371582
58801,0.500598132610321
102353,0.5005314350128174
48903,0.5009014010429382
59202,0.5009022951126099
88029,0.5008254647254944
77130,0.5006345510482788
40716,0.5008230209350586
51834,0.5011143088340759
2106,0.5005149245262146
43645,0.5003390908241272
103317,0.5006709694862366
90097,0.5004266500473022
67179,0.5006792545318604
75619,0.5008308291435242
91664,0.50044846534729
84404,0.5005428791046143
62415,0.5004677176475525
44375,0.5006411075592041
99252,0.50059974193573
62134,0.5000380873680115
36512,0.5006780028343201
39584,0.500443696975708
49182,0.5001130104064941
9209,0.5005818605422974
23385,0.5009050965309143
14286,0.5007787346839905
29787,0.4988316297531128
39647,0.5004454851150513
47671,0.5003441572189331
28786,0.49994051456451416
59678,0.5003555417060852
30071,0.5006619691848755
89480,0.5006663799285889
12125,0.5005728602409363
93053,0.5006310939788818
19649,0.500407874584198
18321,0.5006011724472046
55999,0.500660240650177
31501,0.5005650520324707
8089,0.5005886554718018
25411,0.5008288621902466
91874,0.5004804134368896
466,0.5002914667129517
49124,0.5006809234619141
16452,0.5003007650375366
51030,0.5005703568458557
14352,0.5004843473434448
20051,0.5002861022949219
68506,0.5004838109016418
46932,0.5006954073905945
48724,0.5001471638679504
106754,0.5005015730857849
70520,0.5009468197822571
32716,0.5003092288970947
19783,0.5007785558700562
1729,0.5004692077636719
38511,0.5003038644790649
27811,0.500535249710083
40368,0.5008075833320618
49438,0.5003665089607239
106631,0.5001013278961182
43598,0.5004661679267883
88438,0.5007114410400391
38912,0.5006966590881348
88719,0.5008255839347839
33208,0.5006241202354431
75282,0.5004437565803528
73266,0.5006316304206848
19084,0.5004669427871704
5823,0.5005027055740356
34194,0.500878095626831
36136,0.5005819201469421
55696,0.5002333521842957
27683,0.5002750158309937
49127,0.5007587671279907
58850,0.5004766583442688
19462,0.49638983607292175
25121,0.5003589987754822
32769,0.5006437301635742
67726,0.5001705288887024
30824,0.5008463263511658
104718,0.5006780028343201
93260,0.5009284019470215
72559,0.5006843209266663
34565,0.5004121661186218
29042,0.5008521676063538
98338,0.5005092024803162
39563,0.5001343488693237
70885,0.5000874400138855
7911,0.5007826685905457
23393,0.5003756880760193
29608,0.5006396174430847
55788,0.5005223155021667
30151,0.5010387301445007
88907,0.49876827001571655
2054,0.49997395277023315
24459,0.5006685256958008
21357,0.499666303396225
10902,0.5005344748497009
46706,0.5008209943771362
47885,0.5005642175674438
105126,0.5005928874015808
51203,0.500901997089386
87021,0.5007531046867371
16789,0.5005443096160889
104871,0.5007907152175903
36294,0.5008808970451355
7053,0.5006421208381653
71733,0.5009807348251343
80090,0.5001451969146729
6574,0.500261127948761
31797,0.5009273886680603
19952,0.5005590915679932
16668,0.5002585649490356
48236,0.500404417514801
40314,0.5003955364227295
66603,0.5006179809570312
23583,0.5006838440895081
61738,0.5005826354026794
50567,0.5005359053611755
38284,0.5002750158309937
3562,0.5001935958862305
42704,0.5006515383720398
21007,0.5007137656211853
56284,0.5006476044654846
72475,0.5006553530693054
24080,0.5008985996246338
50203,0.5006553530693054
86643,0.5001590847969055
35152,0.500667929649353
44133,0.5004521012306213
40041,0.500331461429596
82527,0.5010387301445007
35320,0.5005174875259399
100607,0.5007712841033936
91405,0.4996308386325836
51837,0.5005089640617371
22239,0.5005739331245422
79207,0.5011006593704224
65262,0.5004780292510986
65622,0.5003550052642822
29865,0.495829313993454
90444,0.5004339218139648
58080,0.5002859234809875
96233,0.5005238652229309
104292,0.5006966590881348
23999,0.5008854269981384
87724,0.5006769299507141
61964,0.49990418553352356
28233,0.5008477568626404
87041,0.5009725689888
29483,0.5006395578384399
14131,0.5005751252174377
97450,0.5010131597518921
65873,0.5001804232597351
44510,0.5007274150848389
35799,0.5006557703018188
91708,0.50046706199646
93454,0.5008289217948914
8299,0.500202476978302
35919,0.5005399584770203
628,0.5006605982780457
21766,0.500464916229248
44458,0.500844419002533
60983,0.5004062652587891
4255,0.5005828738212585
49690,0.5004377365112305
67251,0.5004000663757324
18018,0.5003300905227661
64334,0.5005821585655212
23020,0.5008571147918701
64539,0.5003910064697266
2636,0.5005004405975342
4239,0.5004932284355164
2916,0.5004910826683044
47620,0.5007737874984741
95172,0.5004355907440186
87497,0.5004235506057739
102911,0.500382125377655
62964,0.4994813799858093
17161,0.5002915859222412
67138,0.5005214810371399
16931,0.5005047917366028
2191,0.5005992650985718
85278,0.5006422400474548
32044,0.5005948543548584
13297,0.500745415687561
22001,0.5008713603019714
25536,0.500493049621582
82091,0.500741183757782
79109,0.5001891255378723
99901,0.5008296370506287
87478,0.5004147291183472
80502,0.5000960230827332
77107,0.4998248219490051
92705,0.5005002021789551
82783,0.500629723072052
90183,0.5005670785903931
53221,0.5002480149269104
54010,0.5000536441802979
43465,0.5004744529724121
37604,0.49996626377105713
12589,0.500093936920166
76240,0.5009031891822815
9378,0.5006433129310608
19599,0.4996490478515625
58146,0.4993119239807129
15010,0.5008233785629272
61669,0.5005820393562317
389,0.5005617737770081
28590,0.5006056427955627
26249,0.5007613897323608
50580,0.5004597902297974
91531,0.500684916973114
76422,0.5004841685295105
98346,0.5006892681121826
64132,0.500217080116272
2103,0.5004422068595886
52810,0.500845730304718
99888,0.5008136630058289
105511,0.5005629658699036
45949,0.5006169080734253
35279,0.5001578330993652
69937,0.5003719329833984
88281,0.5005961060523987
35458,0.5000820159912109
98724,0.5009675025939941
33661,0.5008912682533264
36453,0.5008635520935059
66277,0.5001808404922485
11313,0.5004714131355286
54039,0.5005735158920288
67162,0.5005424618721008
82272,0.500480055809021
11190,0.500339686870575
51756,0.5004275441169739
87877,0.5002056360244751
65208,0.5002481937408447
938,0.5007543563842773
8843,0.5006175637245178
62361,0.4994863271713257
51842,0.5007444024085999
68472,0.5005142688751221
7764,0.5006086230278015
42727,0.5005070567131042
203,0.5010653138160706
37980,0.5006609559059143
102455,0.5003747344017029
83234,0.5005229115486145
57168,0.5002989172935486
34845,0.5010004639625549
55704,0.5003828406333923
43121,0.5004994869232178
33031,0.5005618929862976
84017,0.5006486177444458
65439,0.5003160238265991
76588,0.5005375742912292
97248,0.5006343126296997
36473,0.5007715225219727
33423,0.5001441240310669
56678,0.5002350807189941
40269,0.5008330941200256
60140,0.5005490183830261
16164,0.5001096129417419
31227,0.5006676912307739
100102,0.49994993209838867
95294,0.5005000829696655
62010,0.5008741021156311
104912,0.5006851553916931
8993,0.500928521156311
15518,0.5007184147834778
50328,0.5011438727378845
40417,0.5005502700805664
93859,0.5004438757896423
5016,0.500732421875
21094,0.5009934306144714
26228,0.500835120677948
39317,0.500486433506012
6096,0.5006709694862366
71548,0.5003558397293091
24220,0.5004081726074219
21791,0.5000933408737183
20371,0.5001829862594604
67898,0.5006447434425354
103635,0.5000867247581482
49440,0.49725887179374695
94769,0.5007695555686951
10446,0.5010082125663757
33663,0.5005555152893066
16336,0.49956390261650085
13881,0.5005794167518616
45024,0.5004068613052368
18329,0.5006605982780457
71536,0.5006644129753113
45269,0.500882625579834
53758,0.5006409287452698
30249,0.5006293654441833
16989,0.5001528263092041
66127,0.5008299350738525
20159,0.5004795789718628
23049,0.49941471219062805
106243,0.5009053945541382
91756,0.5006436705589294
30302,0.5005711317062378
50487,0.500856339931488
94582,0.5004941821098328
85863,0.5005179047584534
54544,0.5005258917808533
24480,0.5001502633094788
66645,0.5007016062736511
48238,0.5007551908493042
87273,0.5005878210067749
84861,0.5004022717475891
25328,0.5005283355712891
93455,0.5009533166885376
76358,0.500531792640686
64119,0.500325620174408
95989,0.501018762588501
14317,0.5006083846092224
29470,0.5003576278686523
74323,0.500619113445282
80695,0.5001039505004883
26939,0.500730574131012
29512,0.5006747245788574
74168,0.4999293088912964
48035,0.500700831413269
95266,0.5009512305259705
1493,0.5005868673324585
50973,0.5005064606666565
74763,0.5001789927482605
55922,0.5011704564094543
22062,0.5003045797348022
30450,0.500566303730011
93468,0.4999821186065674
53150,0.4998270869255066
47326,0.5005573630332947
55563,0.5003243684768677
70116,0.5009726285934448
57580,0.500425398349762
75952,0.5006331205368042
100913,0.5008218884468079
95057,0.5006648302078247
91782,0.5006352663040161
16983,0.5005456805229187
2975,0.5006073117256165
88963,0.5010290145874023
19730,0.5008029341697693
93990,0.5003127455711365
1787,0.5006099343299866
46145,0.5005229711532593
85637,0.5000858902931213
24327,0.500401496887207
106396,0.5006496906280518
105351,0.5005751252174377
19104,0.5005296468734741
17291,0.5005021691322327
104618,0.5006564259529114
97225,0.5004159808158875
101063,0.5005201101303101
63097,0.4999716281890869
39930,0.5008135437965393
80503,0.5005508661270142
32279,0.49177318811416626
70128,0.5008407235145569
29146,0.5005373358726501
48275,0.5007638335227966
61528,0.5001711845397949
39366,0.5005355477333069
80412,0.500583827495575
60591,0.5005707740783691
21378,0.5006047487258911
81393,0.5005641579627991
91555,0.5003857016563416
71883,0.500336229801178
44107,0.5006417036056519
79009,0.500471830368042
93069,0.5002787709236145
52996,0.5006710886955261
6842,0.5008652210235596
49577,0.5006270408630371
52152,0.5006606578826904
69008,0.5007871985435486
32692,0.5006489157676697
58630,0.5000066757202148
35659,0.500352680683136
42219,0.500535786151886
81987,0.5007127523422241
74,0.5006185173988342
78664,0.5008884072303772
22392,0.5005863308906555
10881,0.5009535551071167
24942,0.5004458427429199
56862,0.5005950927734375
19427,0.500653088092804
34266,0.5008243918418884
34763,0.5007836222648621
24096,0.5006513595581055
104578,0.5004372000694275
94951,0.5008103847503662
40265,0.5006859302520752
3839,0.5003708600997925
43888,0.5010450482368469
105288,0.5003983974456787
12266,0.5005834698677063
30075,0.5007398724555969
95856,0.5006635189056396
52529,0.5003110766410828
91774,0.500235915184021
54433,0.500676155090332
103412,0.5010790824890137
45906,0.5010249018669128
51747,0.5008234977722168
53810,0.500286877155304
24965,0.5010342597961426
17742,0.50002521276474
1212,0.5005496740341187
59267,0.500605046749115
66069,0.5010606050491333
25825,0.5003382563591003
41556,0.5004621744155884
64267,0.5007039308547974
15754,0.5000520944595337
13892,0.5008310675621033
64328,0.5006781816482544
55212,0.5006048679351807
8371,0.5002435445785522
81568,0.5004194378852844
18101,0.5010265707969666
54160,0.5009492635726929
34453,0.5003619194030762
66343,0.5005964040756226
4086,0.5001320838928223
1085,0.5009720325469971
10156,0.5005990862846375
21172,0.5004437565803528
67913,0.5006657838821411
78219,0.5009950995445251
28244,0.5000841617584229
51011,0.5002028942108154
3011,0.5007821917533875
8356,0.5006013512611389
63902,0.5003990530967712
49992,0.5004584193229675
26714,0.5005818605422974
106503,0.5006192922592163
78596,0.5004859566688538
7829,0.5009724497795105
20002,0.49850067496299744
53668,0.5004776120185852
42773,0.5006581544876099
72273,0.500415563583374
81964,0.5007385611534119
88213,0.4996129274368286
21519,0.5003652572631836
28541,0.5005545616149902
99540,0.5005341172218323
20708,0.4951533079147339
25251,0.5002715587615967
10159,0.5006116628646851
14546,0.5007545948028564
28348,0.500501275062561
75697,0.5000478625297546
34095,0.5007709860801697
78762,0.4971630275249481
82267,0.5000443458557129
69531,0.5006177425384521
93925,0.500228226184845
57367,0.500630795955658
94289,0.5008277297019958
73721,0.5002081394195557
44406,0.5004934072494507
79677,0.5006032586097717
99727,0.500674843788147
90442,0.5005438923835754
103355,0.5005798935890198
65494,0.5006706714630127
38906,0.5005606412887573
73588,0.5004996061325073
45264,0.5004018545150757
99425,0.5003472566604614
20711,0.5004448890686035
52116,0.5005922913551331
101759,0.5003896951675415
78431,0.5005183219909668
52806,0.5003201365470886
22326,0.5010810494422913
19481,0.5005933046340942
29560,0.5005512237548828
45130,0.49774038791656494
59789,0.50029456615448
40995,0.5006350874900818
48922,0.5008581280708313
63198,0.5009075403213501
63610,0.5005651712417603
75000,0.500223696231842
36325,0.5007575750350952
15996,0.5003846883773804
52599,0.5000891089439392
1266,0.5003741383552551
92023,0.5004153251647949
86566,0.5006734728813171
61816,0.5006338357925415
4673,0.5008799433708191
57549,0.5009512901306152
22904,0.5006132125854492
80619,0.5004749894142151
48653,0.5009790062904358
74673,0.49787449836730957
52436,0.500573992729187
13915,0.4962363839149475
42346,0.5006040334701538
21030,0.5005422234535217
12289,0.500467836856842
42408,0.5004246830940247
49915,0.5005969405174255
78645,0.5005125999450684
73874,0.5004341006278992
82582,0.5007825493812561
16442,0.5004855990409851
11874,0.500520646572113
61980,0.5004855990409851
23261,0.5005894899368286
82191,0.500587522983551
51689,0.5010560154914856
5899,0.5009451508522034
96499,0.5010004639625549
102987,0.5004391074180603
82598,0.5003674626350403
99762,0.5007449984550476
78500,0.5005564093589783
63759,0.5005102157592773
13717,0.49944034218788147
16463,0.5002461075782776
44868,0.5004602670669556
91073,0.5003829598426819
20326,0.5005246996879578
9638,0.4996744692325592
50179,0.500135064125061
67939,0.5002859234809875
81082,0.5006167888641357
83482,0.5002003908157349
103547,0.500965416431427
47572,0.500627338886261
8426,0.5007915496826172
82627,0.5005097985267639
29611,0.5005456805229187
14886,0.49850863218307495
35291,0.5001400709152222
86593,0.5007920861244202
47202,0.5008966326713562
6977,0.5010651350021362
102331,0.5006127953529358
24357,0.5007027983665466
74222,0.500714898109436
38526,0.5008531808853149
44934,0.500739574432373
82699,0.5003412961959839
18191,0.500487744808197
76815,0.5004035234451294
34754,0.5003812909126282
3226,0.5005928874015808
94643,0.5005986094474792
45623,0.5002520084381104
8614,0.5003312826156616
8033,0.5006705522537231
98802,0.5005162358283997
97750,0.5001437664031982
3638,0.5006217956542969
42685,0.5006164908409119
52955,0.5003875494003296
100242,0.5006181597709656
102919,0.5007904767990112
16489,0.5005545616149902
101697,0.5005492568016052
96562,0.5004383325576782
41528,0.5005471110343933
7450,0.5005529522895813
88369,0.499944806098938
7919,0.5007014274597168
42515,0.5004374384880066
33567,0.5006414651870728
52062,0.5012091398239136
95469,0.5003584623336792
3189,0.5010039210319519
29365,0.5005119442939758
93701,0.5005015730857849
80260,0.5008209943771362
100649,0.5005784034729004
53246,0.5005473494529724
91012,0.5004655122756958
17185,0.5010144114494324
1118,0.5002751350402832
5891,0.5006012916564941
72853,0.5009186267852783
20340,0.5006000399589539
59057,0.5005857944488525
95083,0.5004374384880066
41544,0.4999537467956543
8584,0.5005033612251282
82913,0.5008260607719421
71575,0.5003936886787415
79719,0.4915265142917633
104129,0.50007164478302
10317,0.5004969835281372
27663,0.5006334185600281
22832,0.5004116296768188
50048,0.5007535815238953
70974,0.5004581212997437
28207,0.5009381175041199
13688,0.5007652640342712
995,0.5005414485931396
47354,0.5001813173294067
99701,0.5006808638572693
62148,0.5002980828285217
13409,0.5002785325050354
33367,0.5004385113716125
56974,0.5003631711006165
74442,0.5009214282035828
61515,0.5004965662956238
53062,0.5007001757621765
42478,0.5005184412002563
72667,0.5002425312995911
13944,0.5004354119300842
44207,0.5011212825775146
80275,0.5004792809486389
85960,0.5006023049354553
91032,0.5005285143852234
102511,0.500728189945221
72265,0.5005069971084595
54713,0.5004810094833374
85697,0.5004019141197205
103872,0.5008986592292786
90881,0.5007107257843018
23006,0.500811755657196
33177,0.5003711581230164
38093,0.5005694627761841
14292,0.4999546408653259
94164,0.5001111626625061
7505,0.48860904574394226
28045,0.49992096424102783
40618,0.5005896687507629
45324,0.5008290410041809
57494,0.5008232593536377
34644,0.5006560683250427
104294,0.5007540583610535
33832,0.5003393888473511
39588,0.5005323886871338
87158,0.5006524324417114
38524,0.5005179643630981
99879,0.5007588267326355
77420,0.5005106925964355
83432,0.4999775290489197
31875,0.5009874701499939
99635,0.5005799531936646
67714,0.500993549823761
24552,0.5006734728813171
11900,0.5007351040840149
92004,0.5006295442581177
30687,0.5013235211372375
68401,0.5004413723945618
87198,0.5002372860908508
59808,0.5010735988616943
105525,0.5008547902107239
55013,0.5001519918441772
7316,0.5006946325302124
52527,0.5009315013885498
71735,0.5005263090133667
26045,0.5006853938102722
62203,0.5004783868789673
22328,0.5001236796379089
39358,0.5008051991462708
12055,0.5003685355186462
85025,0.5005866885185242
25527,0.50045245885849
25415,0.5008503198623657
14621,0.5005685091018677
48629,0.5005421042442322
64113,0.5004055500030518
76973,0.5008689761161804
26713,0.5010192394256592
31372,0.5005588531494141
55011,0.5004322528839111
26050,0.4976821541786194
99136,0.5007692575454712
106457,0.5007023811340332
47510,0.5002366900444031
61051,0.5007874965667725
79394,0.5004785060882568
83584,0.5006257891654968
16347,0.5005189180374146
56011,0.5004029870033264
98299,0.49574193358421326
69772,0.5010680556297302
104626,0.5006683468818665
90275,0.5006675124168396
35908,0.5007675886154175
48174,0.5008125305175781
22707,0.5004806518554688
45075,0.5011424422264099
78717,0.5006466507911682
92880,0.5005266666412354
99616,0.5003915429115295
40147,0.5012100338935852
67878,0.5007002353668213
5688,0.5010750889778137
29843,0.5000009536743164
93697,0.5009558200836182
77944,0.5007749795913696
10496,0.5004721879959106
35884,0.5005516409873962
14897,0.500268816947937
97000,0.5000625848770142
74501,0.5010292530059814
35821,0.5004292130470276
4888,0.5005278587341309
3176,0.5002419352531433
42938,0.5006324052810669
68361,0.5002853870391846
85859,0.5004475116729736
47267,0.5003365278244019
66499,0.5006527304649353
100083,0.5006449818611145
83134,0.5008043646812439
62253,0.5005918741226196
40822,0.5010643005371094
18377,0.5003165602684021
78837,0.5006492733955383
20140,0.5006600022315979
19794,0.500255286693573
26676,0.5008128881454468
75027,0.5005924105644226
30260,0.5003793835639954
12762,0.5007227063179016
46202,0.500441312789917
2482,0.5003740787506104
19490,0.5003423094749451
16583,0.5009859800338745
35114,0.4949665665626526
53722,0.5009215474128723
33729,0.500840961933136
101747,0.5008867979049683
30627,0.5004834532737732
71514,0.5004475116729736
94384,0.49895694851875305
66833,0.4999598264694214
21412,0.500433087348938
41926,0.50043785572052
65530,0.5012985467910767
53842,0.500324010848999
13505,0.5009282827377319
2411,0.5001781582832336
94830,0.5006608963012695
21680,0.5006643533706665
66212,0.5006076693534851
50007,0.5007355809211731
105932,0.5005993843078613
27844,0.5005705952644348
89481,0.5006100535392761
43317,0.5007548332214355
41947,0.5003859400749207
101165,0.5009685754776001
44602,0.5005459785461426
12673,0.5002873539924622
60746,0.500093400478363
67705,0.5008808970451355
16913,0.5007984638214111
15005,0.5002515316009521
13607,0.5005735754966736
78049,0.501030683517456
1253,0.500601053237915
93833,0.5005481243133545
3236,0.5008344650268555
63170,0.5010764002799988
48337,0.5006915330886841
8170,0.5005040764808655
14341,0.5004153847694397
86045,0.4999663829803467
14679,0.4946785271167755
27186,0.5002915859222412
95164,0.5007284879684448
98424,0.49926578998565674
54091,0.5006585121154785
101540,0.5003723502159119
45523,0.5007532238960266
21227,0.5004385113716125
29555,0.5011430382728577
28851,0.5007588267326355
23068,0.50075763463974
18148,0.5003852844238281
99684,0.5008635520935059
44819,0.5009113550186157
43191,0.5008882284164429
105945,0.5002749562263489
66889,0.5002774000167847
84551,0.5008540153503418
15466,0.500399649143219
53972,0.5003324151039124
82578,0.5010889172554016
51330,0.5005543231964111
44020,0.5006945133209229
39564,0.5005532503128052
95189,0.5003917813301086
883,0.5005839467048645
38667,0.5005431771278381
17135,0.5010409951210022
71661,0.5009300708770752
89711,0.5006816387176514
13972,0.5003673434257507
100712,0.5010597109794617
48492,0.5004892945289612
59473,0.5003402233123779
81897,0.5006312131881714
21537,0.4923655390739441
2826,0.5005387663841248
94308,0.5006701946258545
3396,0.5004481077194214
2405,0.5001083016395569
89372,0.5005108118057251
33708,0.5014885663986206
9461,0.5002275109291077
19859,0.5005017518997192
63887,0.4988451600074768
73122,0.5003899931907654
82715,0.49768534302711487
67703,0.5003120303153992
24295,0.5002042651176453
32582,0.5005634427070618
85799,0.500542163848877
20195,0.5006009936332703
47550,0.5003343224525452
46895,0.5000638961791992
29497,0.5007473826408386
74348,0.5009775757789612
36210,0.5002720355987549
22446,0.5001761317253113
75233,0.5001835823059082
106445,0.5004371404647827
32445,0.5008015036582947
30797,0.500519335269928
103642,0.5009182095527649
64029,0.5004432797431946
49215,0.5005464553833008
35695,0.5008657574653625
102275,0.5000470876693726
14142,0.5006895661354065
4152,0.5006200075149536
30678,0.500045120716095
26282,0.5011047124862671
76198,0.5004706382751465
106055,0.5002539753913879
106491,0.5005350708961487
39059,0.5006681084632874
11665,0.5002221465110779
2387,0.5007760524749756
103031,0.5002636909484863
40496,0.5004397630691528
56135,0.5004727840423584
403,0.5005554556846619
10484,0.5008204579353333
64823,0.5005694031715393
45120,0.5006197690963745
49419,0.5009728670120239
101273,0.5002817511558533
47271,0.5008926391601562
69213,0.5009527802467346
92835,0.5005856156349182
51893,0.5009209513664246
14547,0.5007053017616272
68392,0.5005946159362793
66218,0.5008987188339233
4600,0.5004528164863586
45819,0.5005061626434326
68767,0.5005505084991455
67047,0.5008449554443359
85484,0.5002610683441162
104509,0.5003724694252014
7036,0.5007734894752502
50165,0.5004419684410095
84954,0.5005300641059875
31011,0.499755322933197
70318,0.5005037784576416
82472,0.5006076693534851
92128,0.5003925561904907
65709,0.500628650188446
55667,0.5007705092430115
32659,0.5008834600448608
92473,0.5002197623252869
57335,0.500851571559906
7319,0.5003804564476013
53187,0.5005123615264893
102462,0.5002635717391968
105817,0.5007317066192627
52118,0.5004932880401611
95221,0.5003260970115662
49818,0.4996632933616638
52260,0.5001510977745056
36139,0.5011295676231384
77601,0.5002031326293945
5720,0.5004875659942627
89736,0.5004410147666931
95828,0.499971866607666
52148,0.5003975033760071
92217,0.5007612109184265
37128,0.5001276731491089
3448,0.5004962682723999
23882,0.5005761981010437
75919,0.5009525418281555
2773,0.5009588599205017
46545,0.5005375742912292
47383,0.5009186267852783
47764,0.4999852180480957
60087,0.49960577487945557
40895,0.5008417367935181
60037,0.5005452036857605
56735,0.5007067322731018
90269,0.5005778074264526
81695,0.5009396076202393
28667,0.49996352195739746
41830,0.5006389021873474
12071,0.5006661415100098
64758,0.5005584359169006
95667,0.5007947683334351
15970,0.5000930428504944
8714,0.5010512471199036
73494,0.5005937814712524
58667,0.5005031824111938
103827,0.5008044838905334
36019,0.5008352994918823
104906,0.5002930760383606
80456,0.5004470348358154
9779,0.5010086894035339
54446,0.5005744695663452
100246,0.5007569193840027
100011,0.5007091760635376
89389,0.5005130767822266
92286,0.500278115272522
95191,0.5005293488502502
52556,0.5011205673217773
79106,0.5007347464561462
26182,0.5005818605422974
41784,0.5004690885543823
67515,0.5005713701248169
88718,0.5005668997764587
36028,0.4999893307685852
99110,0.500676691532135
21228,0.5003277659416199
2517,0.500594973564148
96150,0.5005533695220947
92186,0.5005785822868347
71180,0.5010554194450378
30270,0.5006183385848999
62162,0.500014066696167
80856,0.5008973479270935
76872,0.5004486441612244
2440,0.4986644983291626
41282,0.5007688999176025
60167,0.5007897615432739
42395,0.5004626512527466
68137,0.5006142258644104
61867,0.4998133182525635
68046,0.5005943179130554
11569,0.500530481338501
103399,0.5006584525108337
87179,0.5005552768707275
96885,0.5006247162818909
14901,0.5008482933044434
25975,0.500805139541626
54082,0.5008748173713684
48998,0.5008130073547363
55300,0.5007649660110474
101585,0.5005328059196472
23064,0.5003535151481628
58738,0.5006441473960876
44346,0.5004823803901672
86930,0.4999368190765381
91506,0.5008897185325623
473,0.5007050633430481
48432,0.5006179809570312
32006,0.5006201863288879
77706,0.5006422400474548
97917,0.5007461905479431
51510,0.5004120469093323
57294,0.5006130933761597
15801,0.5005698800086975
65299,0.5005786418914795
96244,0.5007064938545227
70475,0.5004652142524719
98757,0.5008867383003235
89247,0.500084638595581
40225,0.500651478767395
56253,0.5002768039703369
60914,0.500805139541626
99823,0.5005881190299988
83113,0.5004584193229675
40439,0.50065016746521
27291,0.5001181960105896
62575,0.50002521276474
66246,0.500617265701294
96928,0.5007193684577942
85392,0.5003985166549683
66892,0.5004086494445801
43058,0.500549852848053
90704,0.5004484057426453
9915,0.4999486804008484
26056,0.5008928775787354
66025,0.500728189945221
3230,0.5004988312721252
59951,0.5004464387893677
45409,0.5006062984466553
16258,0.5006769895553589
96360,0.500522255897522
91311,0.5010040998458862
30363,0.5004254579544067
84785,0.5005637407302856
87913,0.5004712343215942
16539,0.5005233883857727
60190,0.5009273886680603
57898,0.5004595518112183
72182,0.500735342502594
95817,0.5002059936523438
63330,0.5005897283554077
90382,0.5005980730056763
106043,0.5001012682914734
61392,0.5005903840065002
83131,0.5010232925415039
98380,0.5003992319107056
51326,0.5005223751068115
17431,0.50052410364151
105844,0.5004609227180481
47380,0.5011341571807861
64299,0.5007743835449219
62789,0.5004135966300964
87467,0.500628650188446
28121,0.5009972453117371
37282,0.5003193616867065
82185,0.5007903575897217
17592,0.5004498362541199
45457,0.5004481673240662
17879,0.49992477893829346
47347,0.4980366826057434
88330,0.5005578994750977
3610,0.5005180239677429
76546,0.4856557846069336
87496,0.5003097653388977
6181,0.5005817413330078
95849,0.5001780986785889
25711,0.5005460381507874
67387,0.5005684494972229
38259,0.5002740025520325
62168,0.5006891489028931
9713,0.5004715323448181
81684,0.5005879402160645
46454,0.5010154247283936
55548,0.501166045665741
96620,0.5006335973739624
58233,0.5005175471305847
29507,0.5002909302711487
104543,0.5006389021873474
38955,0.5007239580154419
100147,0.5002915859222412
25402,0.5004830360412598
31586,0.5005776286125183
29310,0.5004057288169861
99618,0.499935507774353
100224,0.5006362795829773
99149,0.5009877681732178
74254,0.500612199306488
14071,0.5006740093231201
99246,0.4990929067134857
21852,0.5003007650375366
62708,0.500231146812439
94288,0.4994930326938629
29514,0.5009483695030212
87479,0.5004449486732483
84918,0.5001501441001892
42449,0.5005003213882446
93629,0.5004797577857971
41948,0.5002467632293701
100684,0.501024067401886
96099,0.5006169676780701
95464,0.5008689165115356
72015,0.500415027141571
87554,0.5009921193122864
70392,0.5007938146591187
67226,0.500548243522644
71672,0.5006749033927917
99298,0.5006275773048401
13317,0.5002150535583496
68304,0.5005643367767334
55505,0.4963175356388092
56260,0.5007705688476562
71880,0.5005671977996826
99580,0.5006583333015442
101003,0.5003178119659424
49593,0.5008307695388794
40638,0.5005711913108826
76115,0.5004545450210571
21445,0.5007462501525879
39470,0.5005676746368408
11142,0.5004196763038635
49054,0.5004796385765076
2462,0.5007631182670593
61317,0.5004990696907043
99570,0.4971367418766022
92798,0.5006185173988342
82303,0.500575840473175
43375,0.49970799684524536
74108,0.5008586049079895
94584,0.5002248287200928
4811,0.5009375214576721
13896,0.500664472579956
91390,0.5002632737159729
49275,0.5010502338409424
23659,0.5002115964889526
106175,0.5005553960800171
73272,0.5005685687065125
96921,0.5003802180290222
51358,0.5005643963813782
16956,0.5008416175842285
99792,0.5005490779876709
94547,0.5003446936607361
15924,0.5005573034286499
81313,0.5001779794692993
15929,0.500544011592865
53867,0.5003944635391235
37989,0.5007205009460449
82371,0.5005608201026917
96366,0.5006294846534729
26743,0.5007843971252441
21493,0.5003403425216675
70163,0.5007967948913574
2806,0.5006206035614014
52672,0.5006303787231445
102997,0.5000927448272705
22913,0.5006517767906189
102036,0.5006710886955261
53408,0.5007380843162537
23008,0.5006090402603149
31264,0.500316858291626
76345,0.5007117986679077
17198,0.5004062652587891
2679,0.5009480118751526
5095,0.5004878044128418
106767,0.49978670477867126
7731,0.5003931522369385
48598,0.500842809677124
39950,0.5000206232070923
2772,0.5006550550460815
89479,0.5001174807548523
27308,0.5007051229476929
66124,0.5004479289054871
29808,0.5004404783248901
36108,0.500532329082489
61131,0.500878632068634
100018,0.500649631023407
70535,0.5004726052284241
32555,0.5002983212471008
51749,0.5006052255630493
74533,0.5003032684326172
14536,0.49981725215911865
45541,0.5007820725440979
44537,0.500486433506012
62836,0.5006461143493652
68878,0.5006439685821533
8271,0.500492513179779
51634,0.5004481077194214
69928,0.50055992603302
35823,0.5002576112747192
2028,0.5007742047309875
46987,0.5006486773490906
77389,0.5005464553833008
69142,0.5007187724113464
68128,0.5000990629196167
38330,0.5006374716758728
40839,0.5005301833152771
88762,0.5003320574760437
13202,0.5005778670310974
12164,0.500503659248352
32314,0.5003761053085327
86213,0.5009517669677734
100193,0.5006163120269775
40830,0.5007809400558472
103382,0.50074303150177
49266,0.5008296966552734
60873,0.5007362961769104
22141,0.5003319978713989
106176,0.5005632638931274
88056,0.5004009008407593
91514,0.5006995797157288
28593,0.5005594491958618
1527,0.5004335641860962
47087,0.5005979537963867
34354,0.5009526610374451
45978,0.5004809498786926
42767,0.5003312230110168
82442,0.5006234049797058
65451,0.5003931522369385
98499,0.5009002089500427
87603,0.5004898309707642
96190,0.4999973773956299
101620,0.5004000067710876
83753,0.500221312046051
42516,0.5003321170806885
165,0.5008906722068787
84135,0.5003806948661804
83673,0.500740647315979
38979,0.5007022619247437
82212,0.5006528496742249
80142,0.501012921333313
9816,0.5000235438346863
92679,0.5005952715873718
28269,0.4996367394924164
46357,0.5011025667190552
44452,0.5003938674926758
26166,0.5003498792648315
24461,0.5004289150238037
84233,0.5006357431411743
39606,0.5010263919830322
28982,0.5007287263870239
89961,0.5010737776756287
8755,0.5004063844680786
68495,0.499916136264801
80258,0.500710129737854
80935,0.500853955745697
103064,0.5001453757286072
81312,0.5003820061683655
27595,0.5005067586898804
1206,0.5006392002105713
98601,0.5004575252532959
52470,0.5004092454910278
80555,0.5003815293312073
89749,0.5004992485046387
78441,0.5009029507637024
34119,0.492843359708786
45545,0.5008800625801086
75653,0.5004804134368896
105022,0.5009182691574097
70019,0.5006793737411499
85760,0.5004191398620605
46440,0.4944469630718231
62491,0.5004752278327942
78165,0.5001559257507324
44865,0.5004042387008667
32477,0.5002363324165344
66037,0.5008298754692078
8933,0.5003700256347656
20413,0.50101637840271
59053,0.5009042024612427
80453,0.5002341270446777
73023,0.5003858804702759
76948,0.5005499720573425
79114,0.5002011060714722
6511,0.5002809166908264
22113,0.5002917647361755
65212,0.49985161423683167
52385,0.5004941821098328
84622,0.5007749795913696
76885,0.5007051825523376
2346,0.5006307363510132
96048,0.5009245276451111
105509,0.5002084970474243
22744,0.5005315542221069
96713,0.4995766878128052
5977,0.5010014176368713
14216,0.5006053447723389
23871,0.5005538463592529
20971,0.5006433725357056
70406,0.4979160726070404
37062,0.5004650354385376
45720,0.5009991526603699
36993,0.5004311800003052
60299,0.5009150505065918
105612,0.5004773736000061
56938,0.5009642243385315
62552,0.5006850957870483
89960,0.5005972981452942
28761,0.5003626346588135
72155,0.5005067586898804
5840,0.5008140206336975
59392,0.5005714893341064
44682,0.5004042387008667
23326,0.5010810494422913
49234,0.5003257989883423
31127,0.5008219480514526
40377,0.5006090998649597
68034,0.5004078149795532
5458,0.5006144046783447
99973,0.5006722807884216
19165,0.5007575750350952
41857,0.5001266002655029
48813,0.5007181763648987
70203,0.5007578134536743
24496,0.500230073928833
40711,0.5007328987121582
84113,0.49999821186065674
79538,0.5003538131713867
31122,0.5003219246864319
52174,0.5005010962486267
56388,0.5006056427955627
81550,0.5007666945457458
25682,0.4962027966976166
101809,0.5004563331604004
101248,0.5001601576805115
76771,0.5005106329917908
28802,0.501011848449707
65658,0.5001475214958191
52474,0.5002248883247375
86160,0.5006952285766602
45874,0.500781774520874
106522,0.5007951855659485
67547,0.5009307861328125
60619,0.5008304715156555
62621,0.5005977749824524
17982,0.5007656216621399
65987,0.5004810690879822
59280,0.5006487965583801
45473,0.5001448392868042
69620,0.5005580186843872
12599,0.5004545450210571
105491,0.500777006149292
34394,0.5011811852455139
96466,0.5008480548858643
99079,0.500981867313385
1406,0.5012988448143005
38053,0.5008959174156189
66957,0.500437319278717
90555,0.4996263086795807
15335,0.4999558925628662
588,0.5004545450210571
5956,0.5008959174156189
50798,0.5004708766937256
62318,0.5009400248527527
13452,0.5006338953971863
73019,0.5004745721817017
57538,0.5006004571914673
72347,0.5008366107940674
10812,0.5013929605484009
57417,0.5009161829948425
52221,0.5004254579544067
104461,0.5012944936752319
57479,0.5007302761077881
83268,0.5010074377059937
71935,0.5006538033485413
21294,0.5007311105728149
63595,0.5006157159805298
80761,0.5009418725967407
94684,0.5005246996879578
99244,0.5001863241195679
34208,0.5003827810287476
105649,0.5007602572441101
31941,0.5007779002189636
88250,0.5006045699119568
101079,0.5004962086677551
37863,0.5003382563591003
53277,0.5006090998649597
20997,0.500510573387146
15875,0.500634491443634
32719,0.5009891986846924
10485,0.5004971027374268
36855,0.5006676316261292
11755,0.5007607936859131
73214,0.500355064868927
87506,0.49995625019073486
101739,0.5009618997573853
50208,0.49111926555633545
64415,0.5003753304481506
58342,0.500786304473877
8023,0.5004555583000183
40268,0.5008453726768494
80228,0.5004759430885315
90160,0.5009203553199768
2047,0.5008470416069031
101432,0.49944165349006653
98505,0.5005759596824646
30555,0.49993646144866943
73792,0.5005473494529724
64632,0.5004837512969971
33499,0.5007795691490173
1119,0.5007002353668213
1058,0.5010515451431274
8283,0.5006617903709412
17200,0.5009561777114868
78328,0.5006030201911926
17321,0.5001618266105652
8073,0.5004915595054626
46654,0.5005814433097839
25672,0.5002385377883911
1915,0.5005908608436584
44594,0.5004440546035767
35100,0.5005503296852112
65672,0.5008050203323364
67775,0.5007018446922302
88131,0.49947696924209595
98134,0.5008182525634766
59219,0.5004635453224182
20236,0.5004251003265381
33606,0.49979254603385925
5476,0.5004373788833618
49834,0.5005559921264648
36743,0.5006682872772217
76508,0.500557005405426
74082,0.5006955862045288
53128,0.5010029673576355
26944,0.5007888078689575
95272,0.5004256963729858
95663,0.5005506277084351
9514,0.5009154677391052
42561,0.5005897283554077
13562,0.5009236335754395
12109,0.5004327893257141
39454,0.5005301237106323
104706,0.5007773637771606
22537,0.5005716681480408
4834,0.5008997917175293
63389,0.5005549788475037
74923,0.5004937052726746
72902,0.500609815120697
23245,0.5003941059112549
3773,0.5006377696990967
106907,0.5006201863288879
11813,0.5006327033042908
103912,0.4995681345462799
74295,0.5004062652587891
97152,0.5005729794502258
66967,0.500728189945221
23994,0.5003584623336792
72500,0.5000526905059814
71422,0.5007746815681458
15866,0.500628650188446
28325,0.5006157755851746
30274,0.5008466839790344
75238,0.5010696649551392
1811,0.5012366771697998
3289,0.5007733106613159
63513,0.5006579160690308
91050,0.5012576580047607
102644,0.5003613829612732
4881,0.5005376935005188
21117,0.5006155371665955
21420,0.5004783272743225
93509,0.5005666613578796
5744,0.50070720911026
39540,0.5004020929336548
74210,0.500638484954834
50049,0.5003537535667419
87468,0.5009291172027588
67275,0.5005073547363281
104410,0.5006335377693176
9216,0.5004598498344421
91600,0.5004190802574158
73326,0.5006483197212219
18060,0.500616729259491
89128,0.5007648468017578
9150,0.5007051825523376
51730,0.5007860064506531
6820,0.5011435151100159
49732,0.5008809566497803
83047,0.5005587339401245
3568,0.5006508827209473
81542,0.5002657175064087
94590,0.5007936954498291
36340,0.5006256103515625
107051,0.5004990100860596
11316,0.5008970499038696
70442,0.5010067224502563
66737,0.5007535219192505
40642,0.5004143714904785
56152,0.5008732676506042
41682,0.5006483793258667
84689,0.500248908996582
7463,0.5005294680595398
60975,0.5007915496826172
81390,0.5004180669784546
53082,0.5008472204208374
80283,0.5007525086402893
3319,0.5004599690437317
24253,0.5007228255271912
31457,0.5007714033126831
80082,0.5007050037384033
77132,0.5008833408355713
8641,0.5005099773406982
66561,0.5000323057174683
96769,0.4944116771221161
95247,0.500665545463562
20139,0.5006184577941895
13195,0.4986649751663208
16834,0.5004056096076965
57606,0.5004081130027771
1841,0.5007141828536987
1977,0.5009485483169556
80231,0.5006079077720642
5467,0.5003201365470886
7663,0.5002321004867554
107173,0.5008847713470459
550,0.5007579326629639
6315,0.5008530616760254
45508,0.5006102919578552
49549,0.5009216070175171
15121,0.5003235340118408
24177,0.5005376935005188
98884,0.5008421540260315
59840,0.5012127161026001
30810,0.5004421472549438
13522,0.5001466870307922
35897,0.5009297728538513
6943,0.5009625554084778
4178,0.5005192160606384
26928,0.500450611114502
75220,0.5004823207855225
32592,0.5006430745124817
66134,0.500442624092102
47676,0.5008091330528259
72775,0.5006860494613647
30443,0.500535786151886
101569,0.500403881072998
30235,0.5006701946258545
30793,0.5005633234977722
59250,0.5008211135864258
94383,0.5003865361213684
20596,0.5008809566497803
34051,0.5010544061660767
23981,0.5005411505699158
74201,0.5007889866828918
51578,0.5006466507911682
20305,0.5005918741226196
60703,0.5005303025245667
64082,0.5006029009819031
60147,0.5009525418281555
65815,0.5006652474403381
24922,0.5002700090408325
56182,0.5007042288780212
81076,0.5006234645843506
44501,0.5007718205451965
78868,0.5008630752563477
83613,0.5002689957618713
8586,0.5008337497711182
100730,0.5003150105476379
73251,0.5009456276893616
82495,0.5008590817451477
90026,0.5003647804260254
54625,0.5009025931358337
62333,0.5006314516067505
78707,0.5007326602935791
960,0.5007946491241455
70001,0.5007468461990356
101246,0.5006226897239685
32801,0.5007208585739136
56595,0.500551700592041
16065,0.5004868507385254
67082,0.5005835890769958
9168,0.5009535551071167
62656,0.5007087588310242
30789,0.500694990158081
76112,0.5005701184272766
38813,0.5003436803817749
88451,0.5004703402519226
6867,0.5001955628395081
48437,0.5009822845458984
61178,0.5003834962844849
14753,0.5005730390548706
49058,0.5008057951927185
17279,0.501274824142456
91458,0.49851536750793457
34487,0.5009539723396301
8037,0.5001145601272583
20133,0.5008092522621155
22726,0.5009005665779114
2575,0.5005696415901184
104989,0.5006262063980103
47648,0.5009729862213135
56757,0.5001946687698364
57160,0.5000717639923096
28203,0.5007888078689575
91906,0.5000978708267212
4741,0.5007400512695312
8066,0.4960509240627289
3488,0.5010313391685486
35405,0.5006383061408997
40583,0.5007623434066772
29373,0.5008545517921448
71316,0.5009841918945312
6297,0.4966751039028168
106650,0.5003386735916138
48873,0.5005744695663452
56782,0.5005269050598145
48493,0.5004575848579407
6687,0.5001870393753052
96262,0.5005412101745605
65583,0.5005137920379639
23039,0.5006895065307617
46288,0.5011203289031982
101519,0.5006719827651978
50678,0.5008374452590942
19338,0.5010155439376831
34333,0.5003716349601746
95157,0.5002864003181458
102009,0.5008658170700073
78600,0.5005121827125549
50120,0.5003347396850586
75303,0.5006851553916931
95981,0.5008338093757629
39346,0.5006009936332703
43176,0.5007341504096985
72905,0.5012297630310059
48686,0.5005682110786438
103602,0.5002835988998413
101486,0.5007275342941284
92893,0.5008132457733154
61085,0.5004430413246155
43804,0.5011482238769531
72017,0.5011650919914246
45027,0.4996664226055145
6377,0.5008090734481812
82,0.5009979009628296
94158,0.5004715323448181
74754,0.5006167888641357
51691,0.5008701086044312
84566,0.5002771019935608
46750,0.5007684230804443
78298,0.500548243522644
19777,0.5004814863204956
93311,0.5008273124694824
54630,0.5011641979217529
88750,0.500691294670105
86677,0.5005443692207336
96078,0.5005472898483276
10884,0.5006885528564453
73376,0.5007236003875732
62042,0.5010959506034851
56531,0.5000757575035095
96054,0.5006596446037292
47090,0.5007696747779846
12313,0.5008886456489563
95437,0.5004754662513733
47954,0.5007084012031555
79644,0.5004338622093201
85620,0.5009747743606567
92921,0.5003681778907776
92507,0.5004152655601501
40689,0.5005331635475159
26726,0.5005166530609131
10648,0.5005674958229065
52156,0.5005399584770203
35583,0.5003677010536194
55810,0.5004492998123169
14241,0.5005083680152893
23864,0.5006372928619385
6324,0.5005353689193726
85321,0.5006282925605774
103017,0.5006872415542603
49734,0.5007708072662354
30677,0.5005712509155273
50259,0.5005292892456055
24519,0.5005219578742981
81153,0.5006438493728638
7638,0.5005048513412476
31760,0.5004743337631226
21407,0.5005728006362915
73056,0.5007916688919067
5397,0.5002251267433167
52648,0.5000810623168945
79404,0.5005185008049011
87318,0.5004956126213074
50063,0.4925587773323059
62869,0.5007060170173645
9282,0.5005320310592651
33207,0.5004794001579285
36832,0.5004803538322449
39168,0.5004385113716125
39004,0.5004543662071228
42231,0.5000954866409302
71552,0.5010276436805725
32425,0.5005688667297363
39202,0.5011696815490723
64874,0.5008437037467957
38211,0.5006093978881836
92532,0.5009214282035828
56621,0.5006273984909058
52133,0.5007458329200745
45156,0.5002120137214661
72892,0.5001060366630554
35120,0.5008517503738403
76104,0.5006654262542725
13086,0.5005300641059875
44734,0.5003822445869446
77203,0.5005648136138916
32919,0.5004526376724243
60903,0.5005517601966858
84000,0.5004115700721741
99303,0.5008427500724792
62158,0.5004734396934509
54089,0.500770628452301
40710,0.5002594590187073
78004,0.5001826286315918
32074,0.5004416704177856
14113,0.50013267993927
95540,0.5002781748771667
41386,0.5001832246780396
18064,0.5010026097297668
35811,0.5000100135803223
54232,0.5003484487533569
86245,0.5006495118141174
67616,0.5006255507469177
80266,0.5006572604179382
44141,0.4997246563434601
50584,0.5009288191795349
98738,0.4999575614929199
11070,0.5005536675453186
105305,0.49698489904403687
58809,0.5005789995193481
72617,0.5008239150047302
37669,0.5005723834037781
73809,0.5009200572967529
49712,0.5007804036140442
85108,0.501004159450531
32882,0.5008362531661987
37595,0.5007196664810181
79819,0.5002984404563904
65774,0.5005067586898804
32984,0.5006604790687561
92089,0.5002235770225525
83770,0.5004691481590271
57442,0.5006549954414368
38253,0.5002453923225403
54243,0.5004709959030151
15299,0.5005852580070496
32589,0.5008741021156311
16945,0.5005746483802795
51776,0.5006151795387268
59374,0.5001616477966309
65995,0.5010913014411926
26736,0.500515878200531
84059,0.5005276799201965
17995,0.5005346536636353
63821,0.5009831786155701
63259,0.5003569722175598
6057,0.5007206201553345
85363,0.5006540417671204
86145,0.5004075765609741
17098,0.5010485053062439
73,0.5002265572547913
33560,0.5005970001220703
34813,0.5010135173797607
2011,0.49992841482162476
49904,0.5009292960166931
29527,0.5005170106887817
19572,0.5001900792121887
70976,0.5005871653556824
103291,0.4910832941532135
367,0.500743567943573
77990,0.5008317232131958
99323,0.5004372596740723
70762,0.5008273124694824
102691,0.5005291700363159
30827,0.5006247162818909
37704,0.5010557174682617
93738,0.499887615442276
36077,0.49919360876083374
21236,0.5000389218330383
54913,0.499764621257782
99433,0.5003912448883057
64038,0.5005576610565186
58228,0.5000354647636414
81187,0.5001671314239502
90101,0.5003501772880554
57523,0.5006402730941772
15695,0.5006178021430969
19808,0.5005805492401123
41702,0.5006416440010071
52520,0.5003442168235779
15014,0.5006100535392761
33184,0.5005406141281128
32005,0.5004624128341675
101164,0.5006345510482788
21810,0.5005500912666321
14671,0.49973264336586
25123,0.5006653070449829
10673,0.4999762773513794
34660,0.5007503032684326
59131,0.5006322264671326
40513,0.5007040500640869
91323,0.500659704208374
6942,0.500279426574707
6232,0.500490665435791
47970,0.5006437301635742
55360,0.5006682276725769
42541,0.5007531046867371
1644,0.49999701976776123
